x_flip,y_flip,z_flip,x_mirr,y_mirr,z_mirr
250000.0,467000.0,175000.0,251938.14,453213.84,173402.1
250000.0,442000.0,150000.0,258274.9,422461.5,157305.53
275000.0,517000.0,150000.0,267550.28,494237.5,133310.62
275000.0,517000.0,175000.0,268867.5,500889.97,157156.9
275000.0,492000.0,125000.0,271314.16,460899.06,120502.01
275000.0,492000.0,150000.0,270422.97,469542.3,143093.33
275000.0,492000.0,175000.0,271264.62,477767.56,166211.23
275000.0,467000.0,125000.0,278040.12,434780.7,126946.484
275000.0,467000.0,150000.0,277139.8,444737.06,150572.69
275000.0,467000.0,175000.0,275292.5,453778.06,174991.12
275000.0,442000.0,125000.0,284175.84,412719.22,133948.6
275000.0,442000.0,150000.0,283517.25,420146.3,158416.84
275000.0,442000.0,175000.0,279412.34,427237.84,181964.53
275000.0,417000.0,125000.0,286662.34,390217.56,144033.98
275000.0,417000.0,150000.0,285201.66,398100.88,167751.27
300000.0,542000.0,150000.0,290122.34,515964.4,128526.58
300000.0,517000.0,125000.0,290092.7,482921.22,113801.1
300000.0,517000.0,150000.0,291744.75,490775.28,134871.42
300000.0,517000.0,175000.0,294288.28,496807.12,157653.66
300000.0,492000.0,100000.0,295154.56,451060.5,97825.94
300000.0,492000.0,125000.0,294399.53,459230.78,121352.16
300000.0,492000.0,150000.0,295690.44,467234.06,143393.02
300000.0,492000.0,175000.0,296974.47,474036.53,164857.33
300000.0,467000.0,100000.0,303819.25,425242.0,104734.54
300000.0,467000.0,125000.0,302564.28,433652.84,127331.65
300000.0,467000.0,150000.0,300798.06,442452.34,150553.03
300000.0,467000.0,175000.0,300324.5,450525.5,175001.39
300000.0,442000.0,100000.0,310446.62,402379.97,111490.87
300000.0,442000.0,125000.0,309383.75,409857.3,134313.17
300000.0,442000.0,150000.0,306649.53,417199.4,158532.45
300000.0,442000.0,175000.0,303444.94,423924.4,182500.19
300000.0,417000.0,100000.0,313865.5,381670.78,118695.44
300000.0,417000.0,125000.0,311820.84,387781.53,142429.6
300000.0,417000.0,150000.0,310027.38,393660.6,166526.8
325000.0,542000.0,125000.0,312496.16,507285.78,107122.305
325000.0,542000.0,150000.0,315210.62,513497.06,132184.5
325000.0,542000.0,175000.0,318858.78,517859.5,155990.27
325000.0,517000.0,100000.0,314978.25,471701.97,92263.15
325000.0,517000.0,125000.0,315177.7,479329.56,116198.21
325000.0,517000.0,150000.0,316997.66,487932.16,138823.66
325000.0,517000.0,175000.0,320171.6,493878.7,161235.34
325000.0,517000.0,200000.0,324700.62,497762.94,183014.06
325000.0,492000.0,100000.0,321283.72,447266.4,99144.64
325000.0,492000.0,125000.0,320056.03,454961.44,123024.44
325000.0,492000.0,150000.0,320969.44,463303.9,144988.47
325000.0,492000.0,175000.0,323278.9,469974.53,168692.19
325000.0,492000.0,200000.0,325889.62,474266.56,192622.52
325000.0,467000.0,100000.0,327872.38,422201.25,103922.8
325000.0,467000.0,125000.0,327851.22,429476.78,126597.73
325000.0,467000.0,150000.0,327027.38,437661.97,150467.97
325000.0,467000.0,175000.0,327138.94,445805.03,175693.58
325000.0,467000.0,200000.0,326694.38,452178.53,200142.4
325000.0,442000.0,75000.0,334074.6,393235.9,89540.984
325000.0,442000.0,100000.0,333891.03,398342.0,111070.09
325000.0,442000.0,125000.0,332492.84,405749.56,134188.16
325000.0,442000.0,150000.0,330928.34,413494.66,158448.8
325000.0,442000.0,175000.0,328418.72,420184.34,182591.92
325000.0,442000.0,200000.0,327441.62,426522.84,206750.11
325000.0,417000.0,75000.0,337251.06,373199.84,97451.266
325000.0,417000.0,100000.0,337067.97,378395.84,118582.37
325000.0,417000.0,125000.0,335010.16,383358.16,141777.27
325000.0,417000.0,150000.0,332631.56,389026.94,165562.38
325000.0,417000.0,175000.0,329961.22,394458.62,189655.28
325000.0,392000.0,100000.0,336777.72,355932.62,124452.82
325000.0,392000.0,125000.0,334440.88,361463.97,146226.11
325000.0,392000.0,150000.0,332219.34,366612.97,168891.48
350000.0,567000.0,125000.0,340383.8,529451.4,102520.49
350000.0,567000.0,150000.0,342938.22,533480.94,126762.22
350000.0,542000.0,100000.0,339862.06,495429.66,82984.11
350000.0,542000.0,125000.0,339883.38,504419.16,108504.805
350000.0,542000.0,150000.0,341470.3,510841.3,133416.36
350000.0,542000.0,175000.0,344533.3,515385.75,157958.02
350000.0,517000.0,75000.0,343792.16,463352.28,73962.43
350000.0,517000.0,100000.0,342476.1,468454.4,92836.516
350000.0,517000.0,125000.0,342614.9,475293.28,116604.18
350000.0,517000.0,150000.0,343481.72,483285.25,139563.48
350000.0,517000.0,175000.0,345382.4,491369.9,163323.66
350000.0,517000.0,200000.0,348705.56,496508.3,186340.36
350000.0,492000.0,75000.0,348634.0,437371.94,76462.43
350000.0,492000.0,100000.0,348177.53,443007.44,99727.016
350000.0,492000.0,125000.0,348063.84,450945.97,125121.52
350000.0,492000.0,150000.0,347900.34,458307.3,146674.72
350000.0,492000.0,175000.0,348121.2,466434.25,169614.92
350000.0,492000.0,200000.0,349455.38,471741.78,193708.48
350000.0,467000.0,75000.0,352257.62,412835.34,78865.48
350000.0,467000.0,100000.0,351668.44,419240.3,104295.14
350000.0,467000.0,125000.0,351163.6,427115.03,128561.06
350000.0,467000.0,150000.0,351692.34,435736.8,150944.42
350000.0,467000.0,175000.0,351658.47,443065.72,175772.97
350000.0,467000.0,200000.0,350515.38,448283.72,201818.9
350000.0,442000.0,75000.0,355304.34,389743.3,86499.15
350000.0,442000.0,100000.0,355305.6,395933.94,111664.945
350000.0,442000.0,125000.0,355310.47,402829.8,136645.89
350000.0,442000.0,150000.0,354543.8,411956.4,160761.61
350000.0,442000.0,175000.0,352478.3,417854.62,182283.52
350000.0,442000.0,200000.0,350955.25,423645.1,209371.77
350000.0,417000.0,75000.0,358133.4,367286.12,93732.11
350000.0,417000.0,100000.0,358361.5,373623.34,119043.04
350000.0,417000.0,125000.0,356849.66,379271.62,142468.08
350000.0,417000.0,150000.0,355426.34,385528.94,166034.36
350000.0,417000.0,175000.0,352978.94,390876.9,190442.86
350000.0,417000.0,200000.0,351604.1,397676.4,214707.31
350000.0,392000.0,75000.0,358766.06,346224.62,101862.5
350000.0,392000.0,100000.0,358639.84,353140.12,124431.98
350000.0,392000.0,125000.0,356363.88,358320.25,145803.75
350000.0,392000.0,150000.0,354804.72,363568.75,168511.47
375000.0,567000.0,100000.0,366758.4,515952.7,81659.68
375000.0,567000.0,125000.0,367839.72,525422.9,102854.83
375000.0,567000.0,150000.0,369899.88,529821.06,127334.53
375000.0,542000.0,75000.0,366750.72,484931.38,66696.9
375000.0,542000.0,100000.0,365992.47,491600.5,86227.305
375000.0,542000.0,125000.0,366725.97,499795.75,107599.98
375000.0,542000.0,150000.0,369385.78,507773.34,132801.5
375000.0,542000.0,200000.0,372962.34,519251.4,179013.3
375000.0,517000.0,75000.0,368331.78,459761.53,71929.41
375000.0,517000.0,100000.0,367671.38,465926.4,92856.51
375000.0,517000.0,125000.0,369029.06,473711.06,115129.32
375000.0,517000.0,150000.0,371229.2,482934.0,136883.64
375000.0,517000.0,175000.0,373246.4,490049.53,160788.19
375000.0,517000.0,200000.0,374267.72,496157.44,186465.83
375000.0,517000.0,225000.0,374592.97,501525.25,206655.05
375000.0,492000.0,75000.0,372682.9,433867.6,75872.48
375000.0,492000.0,100000.0,371835.66,440024.72,99547.97
375000.0,492000.0,125000.0,372578.8,449045.03,123073.586
375000.0,492000.0,150000.0,372979.72,458306.8,147015.95
375000.0,492000.0,175000.0,373287.44,465598.66,169695.77
375000.0,492000.0,200000.0,373598.47,471501.94,193737.72
375000.0,492000.0,225000.0,374443.12,477320.53,214727.36
375000.0,467000.0,75000.0,377500.9,409201.12,79366.84
375000.0,467000.0,100000.0,377091.7,416176.4,104303.516
375000.0,467000.0,125000.0,376637.4,424983.12,129020.38
375000.0,467000.0,150000.0,375908.6,434694.1,152194.28
375000.0,467000.0,175000.0,374564.0,441509.88,176028.69
375000.0,467000.0,200000.0,373264.62,446830.44,200192.17
375000.0,467000.0,225000.0,373984.22,453784.8,223304.9
375000.0,442000.0,75000.0,380977.97,386775.44,85558.0
375000.0,442000.0,100000.0,382001.28,393632.16,110757.88
375000.0,442000.0,125000.0,380883.56,402477.88,136323.84
375000.0,442000.0,150000.0,378968.75,410993.1,161216.94
375000.0,442000.0,175000.0,376942.16,416710.22,182965.9
375000.0,442000.0,200000.0,374436.9,421637.97,207386.78
375000.0,442000.0,225000.0,374370.12,428578.06,231907.89
375000.0,417000.0,75000.0,381927.25,363477.97,93317.6
375000.0,417000.0,100000.0,383028.97,370198.9,118578.7
375000.0,417000.0,125000.0,382165.9,378809.16,142418.0
375000.0,417000.0,150000.0,379852.97,385606.7,166841.16
375000.0,417000.0,175000.0,377825.66,391225.38,192088.34
375000.0,417000.0,200000.0,375540.6,396453.28,214032.08
375000.0,392000.0,100000.0,381734.3,349001.7,124805.445
375000.0,392000.0,125000.0,379946.75,356402.7,146644.86
375000.0,392000.0,150000.0,377637.7,363045.88,170639.56
375000.0,392000.0,175000.0,377406.56,369128.25,196721.22
400000.0,567000.0,100000.0,395457.22,512831.84,81981.84
400000.0,567000.0,125000.0,395576.06,519480.6,103142.69
400000.0,567000.0,150000.0,398615.78,525391.94,125291.81
400000.0,542000.0,75000.0,391046.4,482423.78,64386.848
400000.0,542000.0,100000.0,391017.44,489412.0,89761.17
400000.0,542000.0,125000.0,393419.16,496611.03,109803.47
400000.0,542000.0,150000.0,396715.44,504386.22,132314.53
400000.0,542000.0,175000.0,399471.22,512135.0,153964.75
400000.0,542000.0,200000.0,399129.72,519115.6,176607.52
400000.0,517000.0,75000.0,393568.78,457576.22,68963.09
400000.0,517000.0,100000.0,392623.8,464791.03,94603.69
400000.0,517000.0,125000.0,393401.88,474256.84,116093.61
400000.0,517000.0,150000.0,395163.38,483211.9,137878.45
400000.0,517000.0,175000.0,398798.72,490303.53,159721.36
400000.0,517000.0,200000.0,400441.44,496733.25,183940.88
400000.0,517000.0,225000.0,400019.38,502358.94,206261.36
400000.0,492000.0,75000.0,398932.94,433609.6,75292.27
400000.0,492000.0,100000.0,397370.78,440588.1,99528.24
400000.0,492000.0,125000.0,396737.12,449728.88,122059.53
400000.0,492000.0,150000.0,396525.38,458580.6,145606.44
400000.0,492000.0,175000.0,397944.56,465400.75,169531.67
400000.0,492000.0,200000.0,399760.97,472014.97,193430.5
400000.0,492000.0,225000.0,400332.0,477447.78,215994.06
400000.0,467000.0,75000.0,402667.84,408354.88,81408.84
400000.0,467000.0,100000.0,402422.28,415032.97,105361.88
400000.0,467000.0,125000.0,402674.56,423696.97,128888.19
400000.0,467000.0,150000.0,401281.34,432529.88,152080.5
400000.0,467000.0,175000.0,399542.62,439185.56,175968.06
400000.0,467000.0,200000.0,399296.53,446216.84,199805.42
400000.0,467000.0,225000.0,400245.22,454155.78,223821.52
400000.0,442000.0,75000.0,405560.56,383433.97,87212.27
400000.0,442000.0,100000.0,406162.0,390452.94,111838.47
400000.0,442000.0,125000.0,405539.2,400230.6,135924.58
400000.0,442000.0,150000.0,404101.94,409377.38,159680.62
400000.0,442000.0,175000.0,401155.97,415885.03,183736.62
400000.0,442000.0,200000.0,399452.28,422777.16,207814.88
400000.0,442000.0,225000.0,400218.0,429401.84,231560.1
400000.0,417000.0,75000.0,406548.0,360450.0,93374.586
400000.0,417000.0,100000.0,407397.78,367529.2,117637.32
400000.0,417000.0,125000.0,406675.78,376999.56,142036.66
400000.0,417000.0,150000.0,404152.97,385629.16,167043.42
400000.0,417000.0,175000.0,402216.6,392599.16,193162.42
400000.0,417000.0,200000.0,400041.56,397958.53,216531.36
400000.0,392000.0,100000.0,405439.28,345960.6,126435.69
400000.0,392000.0,125000.0,405513.78,354577.34,147944.03
400000.0,392000.0,150000.0,401439.84,362053.44,172342.98
400000.0,392000.0,175000.0,401403.84,368417.66,198766.84
425000.0,567000.0,100000.0,424941.66,508302.75,80655.164
425000.0,567000.0,150000.0,425004.72,522778.88,123242.83
425000.0,542000.0,75000.0,418990.12,478785.12,65825.805
425000.0,542000.0,100000.0,422111.72,485630.9,89257.33
425000.0,542000.0,125000.0,421995.9,492980.72,109894.28
425000.0,542000.0,150000.0,422183.28,501562.2,132505.7
425000.0,542000.0,175000.0,424540.97,509387.88,154095.12
425000.0,542000.0,200000.0,426340.53,517739.06,176311.5
425000.0,542000.0,225000.0,427070.22,525924.1,198740.16
425000.0,517000.0,50000.0,421451.97,449462.66,45794.65
425000.0,517000.0,75000.0,421507.9,454899.22,69274.54
425000.0,517000.0,100000.0,422213.06,461519.38,94764.875
425000.0,517000.0,125000.0,421537.12,471563.06,116962.28
425000.0,517000.0,150000.0,421334.78,480873.62,139673.12
425000.0,517000.0,175000.0,423863.6,488457.47,162456.88
425000.0,517000.0,200000.0,426182.6,496103.44,184626.7
425000.0,517000.0,225000.0,426839.62,502969.66,207218.3
425000.0,492000.0,50000.0,426275.75,425204.97,50970.64
425000.0,492000.0,75000.0,425475.97,431389.22,74825.69
425000.0,492000.0,100000.0,424774.9,437483.97,99292.445
425000.0,492000.0,125000.0,423884.75,446059.06,122238.12
425000.0,492000.0,150000.0,423666.22,456885.38,146320.25
425000.0,492000.0,175000.0,424876.94,465205.44,171284.11
425000.0,492000.0,200000.0,425831.75,471451.2,194465.36
425000.0,492000.0,225000.0,426320.72,476752.2,217336.45
425000.0,492000.0,250000.0,427648.84,481066.88,240358.52
425000.0,467000.0,50000.0,429176.28,399520.7,57527.688
425000.0,467000.0,75000.0,427310.78,405988.66,80757.07
425000.0,467000.0,100000.0,425819.2,412429.56,105146.086
425000.0,467000.0,125000.0,426241.38,421001.97,128443.15
425000.0,467000.0,150000.0,425839.47,431101.4,151611.0
425000.0,467000.0,175000.0,425262.66,439331.2,175564.92
425000.0,467000.0,200000.0,424758.12,445895.28,200600.38
425000.0,467000.0,225000.0,424997.7,452865.75,225086.47
425000.0,467000.0,250000.0,427044.62,457127.16,248087.64
425000.0,442000.0,50000.0,429156.75,373898.16,63949.324
425000.0,442000.0,75000.0,428052.06,378671.75,86598.76
425000.0,442000.0,100000.0,427184.0,386487.2,112254.26
425000.0,442000.0,125000.0,427733.66,395836.34,136515.9
425000.0,442000.0,150000.0,426625.22,406487.7,159613.61
425000.0,442000.0,175000.0,425512.28,415674.16,183266.02
425000.0,442000.0,200000.0,424119.34,423180.9,208319.77
425000.0,442000.0,225000.0,424570.38,428211.47,231973.28
425000.0,417000.0,75000.0,427451.5,357299.6,94080.06
425000.0,417000.0,100000.0,426560.88,364062.4,120096.92
425000.0,417000.0,125000.0,427599.25,371775.1,143980.16
425000.0,417000.0,150000.0,426082.0,381525.78,166968.94
425000.0,417000.0,175000.0,425741.62,390707.66,192258.62
425000.0,417000.0,200000.0,423948.4,397992.62,217541.86
425000.0,417000.0,225000.0,424595.1,403265.28,240254.12
425000.0,392000.0,125000.0,426534.72,349484.66,153507.52
425000.0,392000.0,150000.0,424017.84,358128.56,173726.86
425000.0,392000.0,175000.0,424596.78,365415.66,199022.9
425000.0,392000.0,200000.0,425238.38,372838.88,222936.19
450000.0,592000.0,125000.0,448466.7,535592.75,89559.234
450000.0,592000.0,150000.0,448362.8,546377.94,112247.12
450000.0,592000.0,175000.0,450847.72,553355.4,132831.52
450000.0,567000.0,100000.0,447968.84,505595.7,77132.78
450000.0,567000.0,125000.0,447745.06,511522.44,98976.49
450000.0,567000.0,150000.0,447656.7,521880.7,122603.04
450000.0,567000.0,175000.0,449880.22,531108.9,144485.61
450000.0,567000.0,200000.0,452612.8,537781.2,167220.88
450000.0,542000.0,75000.0,446014.72,477388.28,63788.3
450000.0,542000.0,100000.0,447838.0,482826.44,87063.43
450000.0,542000.0,125000.0,447915.75,489885.84,108604.56
450000.0,542000.0,150000.0,447748.6,499852.2,132255.06
450000.0,542000.0,175000.0,449409.03,507284.1,154547.83
450000.0,542000.0,200000.0,450960.28,516983.8,176667.33
450000.0,542000.0,225000.0,452269.4,526245.6,198938.25
450000.0,517000.0,50000.0,446471.5,447283.94,44957.707
450000.0,517000.0,75000.0,447172.53,452892.88,68936.03
450000.0,517000.0,100000.0,448962.8,458476.44,93453.23
450000.0,517000.0,125000.0,449374.78,467255.4,116907.08
450000.0,517000.0,150000.0,449238.8,477784.5,140667.1
450000.0,517000.0,175000.0,449588.06,484982.16,163380.97
450000.0,517000.0,200000.0,451178.22,493977.7,184735.64
450000.0,517000.0,225000.0,452158.3,501504.3,207865.98
450000.0,517000.0,250000.0,452189.44,505655.7,232127.98
450000.0,492000.0,50000.0,449295.47,424095.34,50762.906
450000.0,492000.0,75000.0,449738.34,428244.56,74397.12
450000.0,492000.0,100000.0,449900.56,433973.6,98582.766
450000.0,492000.0,125000.0,449992.88,442644.62,122401.984
450000.0,492000.0,150000.0,449949.97,454195.03,146543.47
450000.0,492000.0,175000.0,450378.47,462833.88,171812.27
450000.0,492000.0,200000.0,451038.75,470119.06,194360.6
450000.0,492000.0,225000.0,450591.44,476939.66,217214.23
450000.0,492000.0,250000.0,450902.72,482559.25,243937.48
450000.0,467000.0,50000.0,453627.53,397996.38,56856.027
450000.0,467000.0,75000.0,451989.53,403141.94,79371.53
450000.0,467000.0,100000.0,450590.28,408344.6,102904.68
450000.0,467000.0,125000.0,450400.62,418423.94,128226.35
450000.0,467000.0,150000.0,450312.66,429387.7,152511.39
450000.0,467000.0,175000.0,450287.06,438429.9,176489.12
450000.0,467000.0,200000.0,450141.84,445550.47,200598.33
450000.0,467000.0,225000.0,449787.06,454071.2,225141.9
450000.0,467000.0,250000.0,450267.4,458388.0,250754.3
450000.0,442000.0,75000.0,452085.94,375929.3,88484.53
450000.0,442000.0,100000.0,451156.8,382608.0,112515.69
450000.0,442000.0,125000.0,450764.56,393251.9,136757.53
450000.0,442000.0,150000.0,450457.3,403453.2,160588.75
450000.0,442000.0,175000.0,450435.22,414180.1,183704.8
450000.0,442000.0,200000.0,449944.06,422713.2,208154.98
450000.0,442000.0,225000.0,449188.03,428499.56,232695.06
450000.0,442000.0,250000.0,450295.16,431573.4,255853.84
450000.0,417000.0,75000.0,451641.75,352002.72,97262.5
450000.0,417000.0,100000.0,450420.06,360119.16,120863.02
450000.0,417000.0,125000.0,450855.7,370286.0,143629.9
450000.0,417000.0,150000.0,450488.78,379650.16,166872.98
450000.0,417000.0,175000.0,450657.28,390140.66,192740.98
450000.0,417000.0,200000.0,450364.44,397944.72,217886.94
450000.0,417000.0,225000.0,449987.88,402661.7,242557.17
450000.0,392000.0,75000.0,452516.28,329250.3,106927.01
450000.0,392000.0,100000.0,450912.66,336938.94,131280.83
450000.0,392000.0,125000.0,450760.94,346778.78,154139.25
450000.0,392000.0,150000.0,448408.03,354667.44,175079.72
450000.0,392000.0,175000.0,448132.72,363568.3,200544.64
450000.0,392000.0,200000.0,449019.2,371244.8,225936.03
450000.0,392000.0,225000.0,450284.56,379099.53,249121.92
450000.0,367000.0,100000.0,453313.2,313483.56,140202.8
450000.0,367000.0,125000.0,452153.56,322131.7,164720.92
450000.0,367000.0,150000.0,449249.44,329379.1,185600.25
475000.0,617000.0,125000.0,475422.66,558403.0,82352.05
475000.0,617000.0,150000.0,474688.12,565727.3,103604.336
475000.0,617000.0,175000.0,474202.62,571826.0,125082.17
475000.0,592000.0,100000.0,472691.94,527816.9,68246.54
475000.0,592000.0,125000.0,473829.9,534962.56,90318.57
475000.0,592000.0,150000.0,474020.56,544032.1,111343.74
475000.0,592000.0,175000.0,474976.28,552740.75,132568.14
475000.0,592000.0,200000.0,476443.34,559076.7,157092.02
475000.0,567000.0,75000.0,469827.28,499881.44,51882.79
475000.0,567000.0,100000.0,472109.94,502911.03,75929.37
475000.0,567000.0,125000.0,473484.7,509450.06,99026.67
475000.0,567000.0,150000.0,474319.66,518736.56,122344.3
475000.0,567000.0,175000.0,475835.72,528650.2,142972.86
475000.0,567000.0,200000.0,477295.34,538505.75,166315.08
475000.0,567000.0,225000.0,477689.75,546993.3,189849.61
475000.0,542000.0,50000.0,473171.66,472440.25,36110.31
475000.0,542000.0,75000.0,472275.4,476098.53,61179.26
475000.0,542000.0,100000.0,472705.94,479580.8,86201.33
475000.0,542000.0,125000.0,472995.7,486127.16,108122.77
475000.0,542000.0,150000.0,474297.3,495222.38,131692.3
475000.0,542000.0,175000.0,475490.62,505052.25,153226.27
475000.0,542000.0,200000.0,476539.53,515426.75,175025.61
475000.0,542000.0,225000.0,477868.62,525863.44,197930.17
475000.0,542000.0,250000.0,478819.53,530170.25,222074.67
475000.0,517000.0,25000.0,474185.0,440569.12,20027.191
475000.0,517000.0,50000.0,473199.78,446224.0,43594.215
475000.0,517000.0,75000.0,473020.12,451590.7,68945.09
475000.0,517000.0,100000.0,473649.4,456698.78,94513.77
475000.0,517000.0,125000.0,474128.9,464164.72,117060.59
475000.0,517000.0,150000.0,474161.0,474011.47,140361.08
475000.0,517000.0,175000.0,475029.12,482900.75,162387.55
475000.0,517000.0,200000.0,476090.16,491240.16,183534.03
475000.0,517000.0,225000.0,477838.16,499768.97,206374.2
475000.0,517000.0,250000.0,478033.44,505732.22,232703.45
475000.0,492000.0,25000.0,474581.78,416784.84,27215.02
475000.0,492000.0,50000.0,474444.8,421881.47,50433.59
475000.0,492000.0,75000.0,474469.34,426838.94,74217.086
475000.0,492000.0,100000.0,474915.94,432591.7,99545.945
475000.0,492000.0,125000.0,474740.6,440885.1,123039.25
475000.0,492000.0,150000.0,474538.66,452166.3,146168.3
475000.0,492000.0,175000.0,475343.38,460624.03,170524.4
475000.0,492000.0,200000.0,476178.38,468747.88,193428.69
475000.0,492000.0,225000.0,476351.4,477119.3,216447.61
475000.0,492000.0,250000.0,476705.38,484086.6,242483.0
475000.0,467000.0,25000.0,475870.94,391117.84,35396.652
475000.0,467000.0,50000.0,477173.44,396245.44,57888.527
475000.0,467000.0,75000.0,477130.22,400878.1,80032.1
475000.0,467000.0,100000.0,476897.88,405602.0,103478.46
475000.0,467000.0,125000.0,476003.9,416147.53,129398.5
475000.0,467000.0,150000.0,475243.47,428227.0,154290.89
475000.0,467000.0,175000.0,475299.88,435825.62,177727.84
475000.0,467000.0,200000.0,475467.97,444566.28,201389.48
475000.0,467000.0,225000.0,475941.97,454988.53,225502.55
475000.0,467000.0,250000.0,476104.9,461285.47,249563.73
475000.0,467000.0,275000.0,477158.47,464754.06,271054.16
475000.0,442000.0,50000.0,479343.1,369161.9,65979.11
475000.0,442000.0,75000.0,477751.78,374250.12,88890.99
475000.0,442000.0,100000.0,478087.62,380596.97,111964.87
475000.0,442000.0,125000.0,477035.16,391174.06,136421.3
475000.0,442000.0,150000.0,475514.34,401346.66,162381.86
475000.0,442000.0,175000.0,475002.62,411357.5,185906.4
475000.0,442000.0,200000.0,474540.75,421072.62,209069.8
475000.0,442000.0,225000.0,475016.75,429844.1,233185.64
475000.0,442000.0,250000.0,476155.66,435100.22,257108.58
475000.0,417000.0,50000.0,479773.38,344439.6,76201.3
475000.0,417000.0,75000.0,475946.03,350208.03,96697.87
475000.0,417000.0,100000.0,475426.97,358604.38,120864.48
475000.0,417000.0,125000.0,475132.56,368798.5,143739.23
475000.0,417000.0,150000.0,474956.3,379052.56,168673.53
475000.0,417000.0,175000.0,475069.4,389869.3,194679.16
475000.0,417000.0,200000.0,474505.12,397226.94,219301.84
475000.0,417000.0,225000.0,473531.47,403725.28,243975.5
475000.0,417000.0,250000.0,474991.56,408527.44,264967.22
475000.0,392000.0,50000.0,477106.94,322172.25,83803.55
475000.0,392000.0,75000.0,475039.2,327679.97,105933.25
475000.0,392000.0,100000.0,474782.03,335760.75,130984.41
475000.0,392000.0,125000.0,474772.28,345207.16,154879.64
475000.0,392000.0,150000.0,474545.22,353422.12,177652.31
475000.0,392000.0,175000.0,473833.22,363281.22,202775.84
475000.0,392000.0,200000.0,473319.6,370922.28,227664.4
475000.0,392000.0,225000.0,472932.25,377854.12,251146.92
475000.0,367000.0,75000.0,474349.88,304440.44,113427.51
475000.0,367000.0,100000.0,474821.84,311406.28,140467.58
475000.0,367000.0,125000.0,475182.1,320265.75,166603.69
475000.0,367000.0,150000.0,474133.75,327257.7,189750.05
475000.0,367000.0,175000.0,473590.75,336934.7,211366.64
475000.0,367000.0,200000.0,473293.0,346164.25,235757.3
475000.0,342000.0,100000.0,475072.56,288727.66,146998.02
475000.0,342000.0,125000.0,475454.4,296017.22,174332.34
475000.0,342000.0,150000.0,474070.25,304030.75,196683.53
500000.0,642000.0,125000.0,499115.25,581511.5,78807.65
500000.0,642000.0,150000.0,500280.97,587472.5,96771.34
500000.0,642000.0,175000.0,501779.4,592076.0,115488.266
500000.0,642000.0,200000.0,501836.6,598964.9,139225.06
500000.0,617000.0,100000.0,497114.38,552176.8,62180.445
500000.0,617000.0,125000.0,498713.5,558187.4,84356.016
500000.0,617000.0,150000.0,500684.25,565060.75,103454.68
500000.0,617000.0,175000.0,501771.38,572144.25,124837.02
500000.0,617000.0,200000.0,502500.38,578808.4,148676.14
500000.0,592000.0,75000.0,496067.06,523348.5,44088.363
500000.0,592000.0,100000.0,496488.53,526251.1,67923.94
500000.0,592000.0,125000.0,498945.53,533311.5,89957.19
500000.0,592000.0,150000.0,501500.16,542422.8,109662.29
500000.0,592000.0,175000.0,502151.38,551766.75,132778.97
500000.0,592000.0,200000.0,502659.97,559465.06,156547.62
500000.0,592000.0,225000.0,503663.38,566006.3,179774.53
500000.0,567000.0,50000.0,497175.22,495013.47,27122.791
500000.0,567000.0,75000.0,496630.4,497474.2,51741.402
500000.0,567000.0,100000.0,497663.4,500299.6,76488.49
500000.0,567000.0,125000.0,499094.53,507727.75,98867.6
500000.0,567000.0,150000.0,500377.7,517070.0,121258.92
500000.0,567000.0,175000.0,501450.56,526307.25,142008.61
500000.0,567000.0,200000.0,502804.78,537350.25,165512.53
500000.0,567000.0,225000.0,504191.06,547387.6,189723.19
500000.0,567000.0,250000.0,505722.44,551073.06,213599.16
500000.0,542000.0,25000.0,498959.4,465498.47,12044.113
500000.0,542000.0,50000.0,499197.4,471032.97,35034.508
500000.0,542000.0,75000.0,499161.12,475191.03,60904.023
500000.0,542000.0,100000.0,498038.4,478713.56,86679.375
500000.0,542000.0,125000.0,496839.78,484798.88,108469.89
500000.0,542000.0,150000.0,498024.5,492890.53,130931.32
500000.0,542000.0,175000.0,499675.88,502477.47,152192.64
500000.0,542000.0,200000.0,501407.75,513978.03,174982.67
500000.0,542000.0,225000.0,503498.56,524394.7,198480.2
500000.0,542000.0,250000.0,504387.25,529491.8,222451.98
500000.0,517000.0,25000.0,499807.94,439630.3,18328.346
500000.0,517000.0,50000.0,499493.03,445751.03,42614.547
500000.0,517000.0,75000.0,499243.5,452019.34,69008.8
500000.0,517000.0,100000.0,498469.84,456496.56,94975.37
500000.0,517000.0,125000.0,496801.56,462868.47,116871.29
500000.0,517000.0,150000.0,497414.8,471113.2,139024.3
500000.0,517000.0,175000.0,499277.2,480676.78,161522.1
500000.0,517000.0,200000.0,499866.5,490340.25,183421.39
500000.0,517000.0,225000.0,502153.0,499148.72,206303.12
500000.0,517000.0,250000.0,502918.38,505266.97,232158.47
500000.0,492000.0,25000.0,499733.38,414065.1,26053.744
500000.0,492000.0,50000.0,500670.03,419513.5,50302.5
500000.0,492000.0,75000.0,499922.3,425258.3,74851.61
500000.0,492000.0,100000.0,499477.5,431595.94,100599.48
500000.0,492000.0,125000.0,499287.8,439689.06,123171.12
500000.0,492000.0,150000.0,499083.47,449589.75,146493.73
500000.0,492000.0,175000.0,499355.06,459226.44,171363.27
500000.0,492000.0,200000.0,499792.0,467430.97,193528.06
500000.0,492000.0,225000.0,501029.6,476668.84,215857.75
500000.0,492000.0,250000.0,501783.97,484472.28,240824.4
500000.0,492000.0,275000.0,502206.8,490556.0,264219.75
500000.0,467000.0,25000.0,500103.0,388839.5,35566.617
500000.0,467000.0,50000.0,501778.38,394649.03,58834.023
500000.0,467000.0,75000.0,501395.3,399530.47,80440.22
500000.0,467000.0,100000.0,500109.94,404695.3,103679.19
500000.0,467000.0,125000.0,500313.03,414914.72,128996.38
500000.0,467000.0,150000.0,501305.38,426264.75,156020.12
500000.0,467000.0,175000.0,500648.12,434810.6,179824.53
500000.0,467000.0,200000.0,500187.78,442935.06,202966.1
500000.0,467000.0,225000.0,500021.78,453191.03,226601.22
500000.0,467000.0,250000.0,500743.2,461983.25,250257.45
500000.0,467000.0,275000.0,501581.44,466255.56,271646.47
500000.0,442000.0,25000.0,502957.72,362986.7,46628.07
500000.0,442000.0,50000.0,501925.0,368469.4,66107.23
500000.0,442000.0,75000.0,500989.66,373628.38,87562.37
500000.0,442000.0,100000.0,501191.5,380342.72,111410.65
500000.0,442000.0,125000.0,501239.62,390284.62,135675.6
500000.0,442000.0,150000.0,501319.5,401124.06,162933.72
500000.0,442000.0,175000.0,499980.75,410678.06,186385.14
500000.0,442000.0,200000.0,499086.4,420306.16,210763.31
500000.0,442000.0,225000.0,499886.28,429597.53,235894.97
500000.0,442000.0,250000.0,500915.3,436419.53,259451.72
500000.0,442000.0,275000.0,501427.53,440749.8,281464.5
500000.0,417000.0,25000.0,501950.03,338807.12,56212.477
500000.0,417000.0,50000.0,500021.03,344089.34,75667.54
500000.0,417000.0,75000.0,498604.62,350311.88,95366.41
500000.0,417000.0,100000.0,499511.34,357979.8,120471.22
500000.0,417000.0,125000.0,499878.88,366874.2,143909.25
500000.0,417000.0,150000.0,499754.5,377580.3,169429.81
500000.0,417000.0,175000.0,499366.9,388658.84,194468.58
500000.0,417000.0,200000.0,498776.03,396974.12,219673.81
500000.0,417000.0,225000.0,498860.9,403898.2,245052.12
500000.0,417000.0,250000.0,500372.12,409233.94,266887.7
500000.0,392000.0,50000.0,498738.0,321585.94,82735.516
500000.0,392000.0,75000.0,498845.53,327884.78,106201.22
500000.0,392000.0,100000.0,498746.44,335143.2,131026.98
500000.0,392000.0,125000.0,498454.78,343626.66,154888.47
500000.0,392000.0,150000.0,498815.47,352606.2,179564.44
500000.0,392000.0,175000.0,498708.66,362791.84,203555.66
500000.0,392000.0,200000.0,496739.34,370048.47,228162.67
500000.0,392000.0,225000.0,496117.5,376986.66,252437.08
500000.0,367000.0,50000.0,499489.0,299213.62,87472.29
500000.0,367000.0,75000.0,498699.22,304217.38,112041.4
500000.0,367000.0,100000.0,498771.47,312305.22,140752.12
500000.0,367000.0,125000.0,498570.56,320443.66,166948.72
500000.0,367000.0,150000.0,497704.88,328082.2,190427.31
500000.0,367000.0,175000.0,497601.25,337355.03,214348.69
500000.0,367000.0,200000.0,496384.16,345138.38,237707.31
500000.0,367000.0,225000.0,495558.7,351930.38,260300.66
500000.0,342000.0,75000.0,499120.53,282462.5,116268.266
500000.0,342000.0,100000.0,498413.8,288417.5,145342.67
500000.0,342000.0,125000.0,498155.5,295192.06,175240.2
500000.0,342000.0,150000.0,497546.1,303478.34,200502.03
500000.0,342000.0,175000.0,498367.9,313147.34,223747.5
500000.0,317000.0,100000.0,498739.1,264801.03,150737.19
500000.0,317000.0,125000.0,497770.6,269887.38,180979.8
500000.0,317000.0,150000.0,498093.6,278792.84,207044.67
525000.0,667000.0,150000.0,522896.6,607336.4,88221.6
525000.0,667000.0,175000.0,523384.1,612168.2,106867.4
525000.0,667000.0,200000.0,523126.03,621292.75,130385.21
525000.0,642000.0,100000.0,521517.16,576155.56,55474.637
525000.0,642000.0,125000.0,521787.16,582763.7,77984.664
525000.0,642000.0,150000.0,522572.88,588662.44,96609.195
525000.0,642000.0,175000.0,524739.6,594015.2,114366.055
525000.0,642000.0,200000.0,524886.6,601740.4,137557.34
525000.0,642000.0,225000.0,526647.1,610706.2,163493.1
525000.0,617000.0,75000.0,522499.16,546739.6,39704.605
525000.0,617000.0,100000.0,521967.28,551900.0,62492.25
525000.0,617000.0,125000.0,522498.53,557824.1,85015.58
525000.0,617000.0,150000.0,523875.66,565670.25,104776.875
525000.0,617000.0,175000.0,526162.9,573469.7,124999.61
525000.0,617000.0,200000.0,526640.25,581948.94,147286.12
525000.0,617000.0,225000.0,527181.06,589302.5,171001.17
525000.0,617000.0,250000.0,528238.25,593236.75,195442.45
525000.0,592000.0,75000.0,522498.28,522518.12,43220.625
525000.0,592000.0,100000.0,522388.5,525527.4,68202.79
525000.0,592000.0,125000.0,523155.28,532533.0,89893.98
525000.0,592000.0,150000.0,525482.56,542643.1,110474.805
525000.0,592000.0,175000.0,527166.94,551988.25,133511.67
525000.0,592000.0,200000.0,527233.25,559862.25,156407.6
525000.0,592000.0,225000.0,527011.5,569067.3,179595.92
525000.0,592000.0,250000.0,528388.44,570464.5,203759.34
525000.0,567000.0,50000.0,523794.44,493683.12,24088.002
525000.0,567000.0,75000.0,523479.2,497461.9,52214.49
525000.0,567000.0,100000.0,523490.2,500143.47,77248.445
525000.0,567000.0,125000.0,524037.0,507854.75,98829.875
525000.0,567000.0,150000.0,525037.9,517811.28,120600.87
525000.0,567000.0,175000.0,525760.9,527757.4,142654.8
525000.0,567000.0,200000.0,527056.3,536245.44,165053.75
525000.0,567000.0,225000.0,527997.5,546643.9,188849.03
525000.0,567000.0,250000.0,528354.2,550866.2,213025.88
525000.0,567000.0,275000.0,530583.0,553813.75,236512.8
525000.0,542000.0,25000.0,524608.56,465224.22,8429.226
525000.0,542000.0,50000.0,524643.0,469771.47,31805.895
525000.0,542000.0,75000.0,524609.8,474541.28,59458.754
525000.0,542000.0,100000.0,522690.3,479068.28,84568.266
525000.0,542000.0,125000.0,521973.38,485808.5,107586.02
525000.0,542000.0,150000.0,523091.7,493257.84,130131.24
525000.0,542000.0,175000.0,523156.56,501385.84,152416.64
525000.0,542000.0,200000.0,525119.2,512389.4,174664.14
525000.0,542000.0,225000.0,527595.4,522341.9,197506.8
525000.0,542000.0,250000.0,527975.94,528186.2,222154.55
525000.0,542000.0,275000.0,528272.75,531971.8,245916.05
525000.0,517000.0,25000.0,524695.6,438409.53,16874.867
525000.0,517000.0,50000.0,524462.56,444696.5,41150.58
525000.0,517000.0,75000.0,524506.5,450680.03,67294.3
525000.0,517000.0,100000.0,523172.12,455459.3,93336.055
525000.0,517000.0,125000.0,522010.62,462875.0,115941.63
525000.0,517000.0,150000.0,523060.25,470338.2,137314.42
525000.0,517000.0,175000.0,523168.8,478099.44,160071.53
525000.0,517000.0,200000.0,524383.2,489100.3,183628.72
525000.0,517000.0,225000.0,526879.94,498346.2,206996.97
525000.0,517000.0,250000.0,527257.25,504528.84,231645.78
525000.0,517000.0,275000.0,527494.56,510698.0,256406.5
525000.0,492000.0,25000.0,524526.3,412564.56,26534.068
525000.0,492000.0,50000.0,524297.7,418101.38,50961.566
525000.0,492000.0,75000.0,524329.9,424046.7,75296.21
525000.0,492000.0,100000.0,524226.94,429662.38,99557.69
525000.0,492000.0,125000.0,524432.25,438468.5,122520.57
525000.0,492000.0,150000.0,524818.5,448071.03,146038.88
525000.0,492000.0,175000.0,524760.25,456378.25,170142.92
525000.0,492000.0,200000.0,525201.8,466330.25,193985.38
525000.0,492000.0,225000.0,525943.6,475436.53,216467.47
525000.0,492000.0,250000.0,526715.06,483230.78,240525.31
525000.0,492000.0,275000.0,526516.4,489731.62,264544.84
525000.0,467000.0,25000.0,523559.03,386971.72,36714.363
525000.0,467000.0,50000.0,524785.1,393459.4,59679.887
525000.0,467000.0,75000.0,524716.7,399206.38,81147.25
525000.0,467000.0,100000.0,524085.03,404182.5,103828.75
525000.0,467000.0,125000.0,525344.0,413574.94,129113.445
525000.0,467000.0,150000.0,527219.44,423428.16,155140.52
525000.0,467000.0,175000.0,526193.44,432927.78,178475.64
525000.0,467000.0,200000.0,525410.25,442156.88,202713.8
525000.0,467000.0,225000.0,524978.94,450227.75,226438.9
525000.0,467000.0,250000.0,525187.4,459243.97,250970.52
525000.0,467000.0,275000.0,525351.7,465115.47,273177.66
525000.0,442000.0,25000.0,525177.5,362484.34,46622.805
525000.0,442000.0,50000.0,525005.3,368393.0,66658.84
525000.0,442000.0,75000.0,524670.1,373860.78,87991.63
525000.0,442000.0,100000.0,523756.16,380507.84,111334.11
525000.0,442000.0,125000.0,525086.6,391067.38,137748.88
525000.0,442000.0,150000.0,527049.2,400627.12,162407.17
525000.0,442000.0,175000.0,526588.1,409423.72,185477.1
525000.0,442000.0,200000.0,524626.8,419697.2,211092.19
525000.0,442000.0,225000.0,524600.6,427666.0,236387.88
525000.0,442000.0,250000.0,525271.44,434055.25,260238.5
525000.0,442000.0,275000.0,525337.56,439709.25,281933.28
525000.0,417000.0,25000.0,524009.4,339279.34,55953.3
525000.0,417000.0,50000.0,524127.5,344138.9,75810.79
525000.0,417000.0,75000.0,523284.66,349519.3,97052.57
525000.0,417000.0,100000.0,522990.66,357209.53,120640.61
525000.0,417000.0,125000.0,524550.25,367169.25,144977.0
525000.0,417000.0,150000.0,525675.06,377173.84,168805.39
525000.0,417000.0,175000.0,525779.1,386589.47,194209.19
525000.0,417000.0,200000.0,524571.7,396227.22,221353.16
525000.0,417000.0,225000.0,524702.3,404155.2,246524.34
525000.0,417000.0,250000.0,525129.7,408584.44,268305.12
525000.0,392000.0,25000.0,521790.22,315873.34,59619.246
525000.0,392000.0,50000.0,522137.34,319668.8,82958.47
525000.0,392000.0,75000.0,522351.38,326527.94,106409.99
525000.0,392000.0,100000.0,523284.44,334323.56,131821.77
525000.0,392000.0,125000.0,524009.16,343102.9,155876.42
525000.0,392000.0,150000.0,523959.03,352192.8,180493.58
525000.0,392000.0,175000.0,523478.22,361768.88,205652.31
525000.0,392000.0,200000.0,522222.16,369683.3,229397.38
525000.0,392000.0,225000.0,522841.84,377835.5,253749.67
525000.0,392000.0,250000.0,523819.6,381545.94,274915.03
525000.0,367000.0,50000.0,522491.94,298054.78,86864.42
525000.0,367000.0,75000.0,523125.84,303816.78,111869.61
525000.0,367000.0,100000.0,523757.3,312549.28,141598.36
525000.0,367000.0,125000.0,524834.6,320405.12,166501.53
525000.0,367000.0,150000.0,523063.97,328227.2,190341.45
525000.0,367000.0,175000.0,520927.44,337208.22,217280.66
525000.0,367000.0,200000.0,519544.2,344416.78,238436.31
525000.0,367000.0,225000.0,520371.4,350566.38,261420.11
525000.0,342000.0,50000.0,523324.94,277007.4,93498.96
525000.0,342000.0,75000.0,522656.12,281375.84,115800.05
525000.0,342000.0,100000.0,523317.2,288647.78,144922.31
525000.0,342000.0,125000.0,525250.7,296362.9,175672.0
525000.0,342000.0,150000.0,524578.4,304166.34,201318.55
525000.0,342000.0,175000.0,523042.06,313886.0,225802.52
525000.0,342000.0,200000.0,521449.4,320042.56,249860.8
525000.0,342000.0,225000.0,520821.1,325482.88,270001.88
525000.0,317000.0,75000.0,522737.44,258198.25,124416.7
525000.0,317000.0,100000.0,522352.22,262569.75,149951.12
525000.0,317000.0,125000.0,522022.47,269036.5,182699.58
525000.0,317000.0,150000.0,522999.34,278862.03,209920.4
525000.0,317000.0,175000.0,524101.7,288212.7,232207.73
525000.0,292000.0,125000.0,521774.0,243219.98,187570.14
525000.0,292000.0,150000.0,522884.6,253116.19,214760.94
550000.0,667000.0,125000.0,545797.6,601854.2,69777.83
550000.0,667000.0,150000.0,546588.6,608395.25,88571.73
550000.0,667000.0,175000.0,546954.56,613571.5,107715.75
550000.0,667000.0,200000.0,547087.3,622786.25,130524.09
550000.0,667000.0,225000.0,548229.25,634551.94,156678.31
550000.0,667000.0,250000.0,549691.94,639336.25,180667.17
550000.0,642000.0,100000.0,546742.7,575115.94,54018.297
550000.0,642000.0,125000.0,546738.5,581432.8,77225.664
550000.0,642000.0,150000.0,547560.8,588173.0,97268.97
550000.0,642000.0,175000.0,548188.75,595174.7,115486.51
550000.0,642000.0,200000.0,548643.06,604652.9,137780.33
550000.0,642000.0,225000.0,549857.5,614508.4,162657.08
550000.0,642000.0,250000.0,551561.0,618317.6,187256.28
550000.0,617000.0,75000.0,548217.9,546993.75,37481.246
550000.0,617000.0,100000.0,547857.94,551106.75,62190.363
550000.0,617000.0,125000.0,548425.94,557750.1,85257.36
550000.0,617000.0,150000.0,549484.1,566017.56,105201.8
550000.0,617000.0,175000.0,550300.8,574322.6,126153.15
550000.0,617000.0,200000.0,550058.7,583830.06,146902.31
550000.0,617000.0,225000.0,550935.44,592645.1,170446.75
550000.0,617000.0,250000.0,552854.06,595378.75,195277.28
550000.0,617000.0,275000.0,553770.4,599141.2,219841.58
550000.0,592000.0,50000.0,549890.06,517611.1,18395.598
550000.0,592000.0,75000.0,549268.56,522599.78,43060.35
550000.0,592000.0,100000.0,548819.75,526622.0,69652.42
550000.0,592000.0,125000.0,548694.25,533565.75,92024.945
550000.0,592000.0,150000.0,550297.3,543185.25,112723.66
550000.0,592000.0,175000.0,551469.56,551892.2,134869.88
550000.0,592000.0,200000.0,551567.5,560270.8,156996.06
550000.0,592000.0,225000.0,551800.94,569798.2,179676.11
550000.0,592000.0,250000.0,553368.4,572618.75,203849.3
550000.0,592000.0,275000.0,553675.94,575341.6,227517.61
550000.0,567000.0,50000.0,550937.0,492327.16,23380.412
550000.0,567000.0,75000.0,550257.9,497221.3,51568.69
550000.0,567000.0,100000.0,549444.75,502206.0,77229.35
550000.0,567000.0,125000.0,548869.0,510093.78,100365.375
550000.0,567000.0,150000.0,549476.3,518128.53,122749.32
550000.0,567000.0,175000.0,550885.5,527243.25,144086.98
550000.0,567000.0,200000.0,551392.5,535388.75,165182.44
550000.0,567000.0,225000.0,552287.25,545285.94,188628.23
550000.0,567000.0,250000.0,553258.6,550914.06,213291.25
550000.0,567000.0,275000.0,553434.25,556624.5,238132.72
550000.0,542000.0,50000.0,551647.5,468358.22,30467.602
550000.0,542000.0,75000.0,550558.4,474082.16,57781.406
550000.0,542000.0,100000.0,548928.25,479008.6,82550.83
550000.0,542000.0,125000.0,547990.56,486545.16,106895.125
550000.0,542000.0,150000.0,548486.0,493689.62,130262.375
550000.0,542000.0,175000.0,550142.7,502299.03,152300.53
550000.0,542000.0,200000.0,550933.2,511684.34,174239.44
550000.0,542000.0,225000.0,551924.75,520923.22,197080.75
550000.0,542000.0,250000.0,552441.1,528353.06,222655.92
550000.0,542000.0,275000.0,552940.6,535211.75,247719.73
550000.0,517000.0,25000.0,550750.8,437234.66,16457.58
550000.0,517000.0,50000.0,550033.6,443802.97,40002.125
550000.0,517000.0,75000.0,549772.1,450143.0,66051.94
550000.0,517000.0,100000.0,548830.44,455091.5,91839.81
550000.0,517000.0,125000.0,547737.44,462423.97,115647.64
550000.0,517000.0,150000.0,548223.44,469970.56,137270.66
550000.0,517000.0,175000.0,549110.3,478176.1,159751.25
550000.0,517000.0,200000.0,550730.5,488098.66,183747.22
550000.0,517000.0,225000.0,551762.0,497549.4,207630.31
550000.0,517000.0,250000.0,552704.06,504879.22,232061.67
550000.0,517000.0,275000.0,554551.25,511247.78,258268.44
550000.0,492000.0,25000.0,549193.25,411513.75,27038.566
550000.0,492000.0,50000.0,548920.25,418311.22,50956.086
550000.0,492000.0,75000.0,549398.7,423591.56,75634.01
550000.0,492000.0,100000.0,549761.06,429129.47,99513.08
550000.0,492000.0,125000.0,549576.56,437453.16,123287.25
550000.0,492000.0,150000.0,549289.06,445586.94,146236.7
550000.0,492000.0,175000.0,549652.56,454356.62,169131.03
550000.0,492000.0,200000.0,550894.0,464773.7,193671.03
550000.0,492000.0,225000.0,551555.44,473380.7,217281.05
550000.0,492000.0,250000.0,552114.44,481013.25,240929.36
550000.0,492000.0,275000.0,554187.2,488827.62,267011.47
550000.0,467000.0,25000.0,547359.56,385649.56,36444.81
550000.0,467000.0,50000.0,547645.5,393766.84,59178.55
550000.0,467000.0,75000.0,549239.3,399115.88,81912.27
550000.0,467000.0,100000.0,550212.2,405172.53,104400.28
550000.0,467000.0,125000.0,550449.25,413181.78,131481.9
550000.0,467000.0,150000.0,550310.75,421353.6,155094.16
550000.0,467000.0,175000.0,549732.3,431017.0,177423.53
550000.0,467000.0,200000.0,550062.06,442227.72,201620.69
550000.0,467000.0,225000.0,550482.94,449018.8,225275.19
550000.0,467000.0,250000.0,550673.56,455828.28,249761.19
550000.0,467000.0,275000.0,550587.6,464240.53,274032.97
550000.0,442000.0,25000.0,547180.2,361534.84,45947.0
550000.0,442000.0,50000.0,547006.0,367657.6,66783.89
550000.0,442000.0,75000.0,547924.25,373577.6,88146.5
550000.0,442000.0,100000.0,548615.9,381559.8,112013.75
550000.0,442000.0,125000.0,549252.2,390981.6,139588.89
550000.0,442000.0,150000.0,549786.0,399550.1,161617.9
550000.0,442000.0,175000.0,549424.0,407777.3,184765.61
550000.0,442000.0,200000.0,549234.5,418192.3,210417.64
550000.0,442000.0,225000.0,549344.9,426178.16,235109.53
550000.0,442000.0,250000.0,549518.2,432024.2,257989.98
550000.0,442000.0,275000.0,549826.75,439831.38,280459.84
550000.0,417000.0,25000.0,547590.0,339243.72,54843.84
550000.0,417000.0,50000.0,547362.75,343183.75,75326.97
550000.0,417000.0,75000.0,547348.94,348767.56,96481.19
550000.0,417000.0,100000.0,547672.2,356555.25,121066.42
550000.0,417000.0,125000.0,548937.1,367592.12,146156.64
550000.0,417000.0,150000.0,549759.5,376567.84,168698.19
550000.0,417000.0,175000.0,548940.44,384569.84,195657.97
550000.0,417000.0,200000.0,549363.94,395520.7,221360.12
550000.0,417000.0,225000.0,549666.5,403306.25,244946.02
550000.0,417000.0,250000.0,549121.1,409159.9,265760.44
550000.0,417000.0,275000.0,548867.9,415258.75,287816.75
550000.0,392000.0,25000.0,546439.3,316490.75,59043.906
550000.0,392000.0,50000.0,546727.25,319220.7,82330.22
550000.0,392000.0,75000.0,546250.75,325560.22,105203.4
550000.0,392000.0,100000.0,547424.3,334209.38,130852.375
550000.0,392000.0,125000.0,548861.0,343341.56,154788.1
550000.0,392000.0,150000.0,548780.2,351624.1,179544.12
550000.0,392000.0,175000.0,548301.56,361782.28,205864.23
550000.0,392000.0,200000.0,548164.56,370466.25,229360.52
550000.0,392000.0,225000.0,548153.06,379538.84,252853.28
550000.0,392000.0,250000.0,548573.0,384625.0,273437.62
550000.0,367000.0,25000.0,545532.4,294811.7,64147.355
550000.0,367000.0,50000.0,545424.9,297550.22,87348.69
550000.0,367000.0,75000.0,544734.56,304080.88,110334.85
550000.0,367000.0,100000.0,546603.1,313042.2,139602.2
550000.0,367000.0,125000.0,548600.5,320174.94,165757.1
550000.0,367000.0,150000.0,548523.06,328469.8,189650.39
550000.0,367000.0,175000.0,547889.3,338319.28,216206.97
550000.0,367000.0,200000.0,547088.8,344685.0,239615.6
550000.0,367000.0,225000.0,546410.44,351690.97,262119.27
550000.0,367000.0,250000.0,547642.75,358518.47,283231.25
550000.0,342000.0,50000.0,545328.06,275242.97,94176.14
550000.0,342000.0,75000.0,545192.1,280464.2,116837.83
550000.0,342000.0,100000.0,547169.6,289201.6,144771.64
550000.0,342000.0,125000.0,549913.75,296830.88,175152.83
550000.0,342000.0,150000.0,550188.2,305987.22,200669.27
550000.0,342000.0,175000.0,547749.8,314576.66,225773.11
550000.0,342000.0,200000.0,545416.44,319388.2,249863.61
550000.0,342000.0,225000.0,545132.7,324338.5,271467.78
550000.0,317000.0,75000.0,545649.4,255088.5,125644.945
550000.0,317000.0,100000.0,546979.06,262219.47,152056.05
550000.0,317000.0,125000.0,548341.75,271156.78,184003.34
550000.0,317000.0,150000.0,549976.6,280953.06,210937.2
550000.0,317000.0,175000.0,549074.0,290261.5,233704.9
550000.0,317000.0,200000.0,546715.4,295608.97,256604.92
550000.0,317000.0,225000.0,545950.0,301321.1,278395.5
550000.0,292000.0,100000.0,547278.25,236007.4,162149.53
550000.0,292000.0,125000.0,546467.44,241729.28,190329.2
550000.0,292000.0,150000.0,547595.6,252475.58,216857.52
550000.0,292000.0,175000.0,549283.44,263330.03,240931.64
550000.0,292000.0,200000.0,548553.44,269564.2,263039.56
550000.0,267000.0,150000.0,547493.7,225998.72,222117.05
575000.0,692000.0,150000.0,568646.75,625695.1,83780.74
575000.0,692000.0,175000.0,568437.2,633174.3,101397.86
575000.0,692000.0,200000.0,570494.5,643727.56,124450.21
575000.0,692000.0,225000.0,571096.7,654076.44,149625.81
575000.0,692000.0,250000.0,570096.3,660075.06,175017.89
575000.0,667000.0,125000.0,570091.8,599967.2,70081.44
575000.0,667000.0,150000.0,571080.1,607516.5,89643.04
575000.0,667000.0,175000.0,570555.4,615038.0,109394.9
575000.0,667000.0,200000.0,572304.5,624274.75,131400.89
575000.0,667000.0,225000.0,573110.3,635808.3,155823.98
575000.0,667000.0,250000.0,573204.3,641472.3,180906.16
575000.0,667000.0,275000.0,575610.06,646069.44,206246.12
575000.0,642000.0,100000.0,572530.0,573137.7,54023.133
575000.0,642000.0,125000.0,572586.4,578920.3,76801.02
575000.0,642000.0,150000.0,573492.4,586431.1,98262.39
575000.0,642000.0,175000.0,574061.4,595543.56,116744.08
575000.0,642000.0,200000.0,574086.75,606121.1,138162.69
575000.0,642000.0,225000.0,575306.8,616162.4,161905.89
575000.0,642000.0,250000.0,575826.2,620369.9,187359.61
575000.0,642000.0,275000.0,577400.0,624357.06,212490.14
575000.0,617000.0,75000.0,574698.0,546310.4,36249.152
575000.0,617000.0,100000.0,574149.56,549865.94,61571.297
575000.0,617000.0,125000.0,574851.06,556587.3,86024.19
575000.0,617000.0,150000.0,575553.0,565324.6,106238.484
575000.0,617000.0,175000.0,575649.56,573851.0,126766.2
575000.0,617000.0,200000.0,575819.2,583262.56,147168.64
575000.0,617000.0,225000.0,576817.3,592574.6,170933.5
575000.0,617000.0,250000.0,579110.56,597088.1,196029.55
575000.0,617000.0,275000.0,578725.9,601879.5,219710.67
575000.0,592000.0,50000.0,577054.8,517310.38,17132.1
575000.0,592000.0,75000.0,576619.9,522079.78,42836.324
575000.0,592000.0,100000.0,575420.5,525973.44,69305.586
575000.0,592000.0,125000.0,574906.1,533514.3,93815.266
575000.0,592000.0,150000.0,575978.7,541743.7,114790.77
575000.0,592000.0,175000.0,576458.75,550323.5,136126.73
575000.0,592000.0,200000.0,576562.4,558969.2,157409.75
575000.0,592000.0,225000.0,577769.7,568077.0,180341.25
575000.0,592000.0,250000.0,580533.3,574059.1,204465.61
575000.0,592000.0,275000.0,578773.06,579838.7,227762.83
575000.0,567000.0,50000.0,578533.75,491568.25,25299.123
575000.0,567000.0,75000.0,578247.2,496067.28,51280.746
575000.0,567000.0,100000.0,576139.3,502163.3,77275.64
575000.0,567000.0,125000.0,574003.8,509971.1,100984.63
575000.0,567000.0,150000.0,574366.9,516884.28,124435.64
575000.0,567000.0,175000.0,576206.1,526080.94,145379.22
575000.0,567000.0,200000.0,576738.6,535142.8,166179.53
575000.0,567000.0,225000.0,578316.25,544445.1,189420.48
575000.0,567000.0,250000.0,580403.75,552005.8,213563.94
575000.0,567000.0,275000.0,578002.06,559418.6,238074.73
575000.0,567000.0,300000.0,576987.6,563119.0,263447.38
575000.0,542000.0,25000.0,578144.1,462374.4,7208.847
575000.0,542000.0,50000.0,578252.5,467724.16,31857.309
575000.0,542000.0,75000.0,577510.5,473899.28,57757.73
575000.0,542000.0,100000.0,574727.1,478699.66,82652.04
575000.0,542000.0,125000.0,572642.25,485545.66,107354.93
575000.0,542000.0,150000.0,573959.56,492426.8,132577.97
575000.0,542000.0,175000.0,575599.44,503046.78,154190.08
575000.0,542000.0,200000.0,576255.06,512375.78,175642.25
575000.0,542000.0,225000.0,576820.2,522040.1,198906.47
575000.0,542000.0,250000.0,578067.44,529998.0,223654.62
575000.0,542000.0,275000.0,578033.75,536893.2,247821.53
575000.0,517000.0,25000.0,576519.5,436706.84,15866.616
575000.0,517000.0,50000.0,575623.7,444044.66,41138.574
575000.0,517000.0,75000.0,575538.94,450336.4,66451.83
575000.0,517000.0,100000.0,574385.6,454439.2,91907.016
575000.0,517000.0,125000.0,573126.6,460697.75,116556.42
575000.0,517000.0,150000.0,574063.56,468775.66,139848.03
575000.0,517000.0,175000.0,575383.8,478546.6,162144.44
575000.0,517000.0,200000.0,575948.0,488152.12,185118.81
575000.0,517000.0,225000.0,576583.06,497940.9,208862.0
575000.0,517000.0,250000.0,577027.0,506125.22,233284.22
575000.0,517000.0,275000.0,578605.0,512808.84,259214.97
575000.0,492000.0,25000.0,574247.0,411376.4,26330.416
575000.0,492000.0,50000.0,574235.1,419048.34,51746.5
575000.0,492000.0,75000.0,574655.8,424229.3,75942.32
575000.0,492000.0,100000.0,574822.2,429143.3,99299.69
575000.0,492000.0,125000.0,574316.9,436251.16,123429.79
575000.0,492000.0,150000.0,574749.75,445086.78,146976.89
575000.0,492000.0,175000.0,575299.6,455205.6,169722.9
575000.0,492000.0,200000.0,576676.0,464176.97,193727.19
575000.0,492000.0,225000.0,576971.1,471852.97,217636.14
575000.0,492000.0,250000.0,576529.25,481069.34,241397.34
575000.0,492000.0,275000.0,578904.06,489778.53,267844.44
575000.0,467000.0,25000.0,571026.8,385396.4,35965.844
575000.0,467000.0,50000.0,572657.5,394415.03,60492.3
575000.0,467000.0,75000.0,573354.6,400473.4,81962.31
575000.0,467000.0,100000.0,574151.06,405825.5,104472.516
575000.0,467000.0,125000.0,574623.3,413134.7,130785.57
575000.0,467000.0,150000.0,574428.2,421458.8,154289.66
575000.0,467000.0,175000.0,574616.6,432057.97,177249.19
575000.0,467000.0,200000.0,575074.94,441466.06,201548.8
575000.0,467000.0,225000.0,575271.7,448567.88,225523.0
575000.0,467000.0,250000.0,575476.06,456437.06,248326.72
575000.0,467000.0,275000.0,576191.4,465593.34,272947.0
575000.0,467000.0,300000.0,576686.9,468741.8,299199.97
575000.0,442000.0,25000.0,568074.44,360296.12,45015.152
575000.0,442000.0,50000.0,569870.44,366892.7,66321.18
575000.0,442000.0,75000.0,570727.2,373808.9,87345.48
575000.0,442000.0,100000.0,572526.75,382100.78,110999.086
575000.0,442000.0,125000.0,573498.6,390352.16,137849.88
575000.0,442000.0,150000.0,574191.5,398671.88,159964.47
575000.0,442000.0,175000.0,574315.06,408202.8,184043.02
575000.0,442000.0,200000.0,574296.25,417943.03,209653.98
575000.0,442000.0,225000.0,574666.56,426274.88,233615.86
575000.0,442000.0,250000.0,574984.9,433919.9,255858.5
575000.0,442000.0,275000.0,574972.44,441486.62,279049.16
575000.0,442000.0,300000.0,574705.75,444190.78,303725.56
575000.0,417000.0,25000.0,568800.2,338631.34,53974.56
575000.0,417000.0,50000.0,570025.0,342607.9,73738.14
575000.0,417000.0,75000.0,569474.5,349124.9,94950.56
575000.0,417000.0,100000.0,570774.9,356876.75,118699.36
575000.0,417000.0,125000.0,573747.8,367127.25,144322.05
575000.0,417000.0,150000.0,575546.3,375943.75,167198.89
575000.0,417000.0,175000.0,573806.75,384588.97,193559.19
575000.0,417000.0,200000.0,573959.5,395560.38,219283.36
575000.0,417000.0,225000.0,574918.0,403944.66,242524.6
575000.0,417000.0,250000.0,574719.8,410834.38,264486.5
575000.0,417000.0,275000.0,573974.6,417273.34,286770.78
575000.0,392000.0,25000.0,570043.56,316567.62,59988.594
575000.0,392000.0,50000.0,571109.2,319828.97,81348.74
575000.0,392000.0,75000.0,569508.75,326302.06,103547.85
575000.0,392000.0,100000.0,571241.1,334502.38,127366.36
575000.0,392000.0,125000.0,573285.7,343562.4,152062.1
575000.0,392000.0,150000.0,574474.3,352392.9,177087.4
575000.0,392000.0,175000.0,573832.56,362459.53,203130.55
575000.0,392000.0,200000.0,572550.7,372074.2,227711.83
575000.0,392000.0,225000.0,572791.2,379969.72,251482.3
575000.0,392000.0,250000.0,574108.3,386325.38,272799.03
575000.0,367000.0,50000.0,569131.25,297427.34,87416.8
575000.0,367000.0,75000.0,568534.44,304833.7,110238.22
575000.0,367000.0,100000.0,570796.06,313165.06,136026.88
575000.0,367000.0,125000.0,572451.6,320575.94,162723.23
575000.0,367000.0,150000.0,573208.1,330243.6,187550.78
575000.0,367000.0,175000.0,573477.94,339269.84,212308.44
575000.0,367000.0,200000.0,571827.56,347150.16,238529.27
575000.0,367000.0,225000.0,571120.0,354748.2,262755.75
575000.0,367000.0,250000.0,574432.9,361219.4,283193.28
575000.0,342000.0,50000.0,569301.06,273574.03,93804.58
575000.0,342000.0,75000.0,570324.1,280662.84,117183.58
575000.0,342000.0,100000.0,571850.25,289516.44,144207.61
575000.0,342000.0,125000.0,573633.4,296965.47,174244.33
575000.0,342000.0,150000.0,574313.3,306778.38,199520.66
575000.0,342000.0,175000.0,573226.5,315527.0,224128.56
575000.0,342000.0,200000.0,570870.9,321657.22,248688.39
575000.0,342000.0,225000.0,570518.25,327752.78,271942.5
575000.0,342000.0,250000.0,572984.94,334886.97,292668.44
575000.0,317000.0,75000.0,570686.44,252799.17,124422.55
575000.0,317000.0,100000.0,572590.5,262986.7,153033.7
575000.0,317000.0,125000.0,574702.2,272596.38,184393.39
575000.0,317000.0,150000.0,575323.75,283262.22,210047.19
575000.0,317000.0,175000.0,575112.25,291890.3,233760.0
575000.0,317000.0,200000.0,571431.56,296790.53,257215.52
575000.0,317000.0,225000.0,570381.7,302241.78,278301.38
575000.0,292000.0,100000.0,572782.94,234589.06,162012.64
575000.0,292000.0,125000.0,572200.4,243483.28,191679.05
575000.0,292000.0,150000.0,573035.5,255085.0,217667.7
575000.0,292000.0,175000.0,574423.06,266446.0,243256.73
575000.0,292000.0,200000.0,572963.44,272314.44,264137.16
575000.0,267000.0,125000.0,571516.06,215836.16,196337.73
575000.0,267000.0,150000.0,571914.9,227830.75,223423.89
575000.0,267000.0,175000.0,573120.1,238316.14,248455.17
575000.0,267000.0,200000.0,572703.44,244853.3,270386.44
600000.0,692000.0,150000.0,591428.3,626009.5,83371.41
600000.0,692000.0,175000.0,591787.3,635727.2,102868.24
600000.0,692000.0,200000.0,594705.2,645773.06,125841.02
600000.0,692000.0,225000.0,595622.7,655481.8,149753.23
600000.0,692000.0,250000.0,594748.6,663233.94,174902.98
600000.0,692000.0,275000.0,596571.8,668704.9,200109.39
600000.0,667000.0,125000.0,593632.8,597418.06,71688.875
600000.0,667000.0,150000.0,593806.1,606035.2,89032.836
600000.0,667000.0,175000.0,594050.75,616319.0,109775.53
600000.0,667000.0,200000.0,597129.5,626723.8,132325.56
600000.0,667000.0,225000.0,598935.8,636815.56,155133.9
600000.0,667000.0,250000.0,597969.0,643119.94,179982.14
600000.0,667000.0,275000.0,598657.6,647855.0,206866.28
600000.0,642000.0,100000.0,595678.7,571715.5,55578.26
600000.0,642000.0,125000.0,597128.75,577426.0,78269.21
600000.0,642000.0,150000.0,597252.56,585955.94,98001.17
600000.0,642000.0,175000.0,597716.94,597017.94,117680.234
600000.0,642000.0,200000.0,600144.6,607380.4,139977.67
600000.0,642000.0,225000.0,601002.8,617451.0,162328.05
600000.0,642000.0,250000.0,599762.56,622019.56,186855.25
600000.0,642000.0,275000.0,600270.8,625290.3,212457.16
600000.0,617000.0,75000.0,599415.56,545207.7,37720.13
600000.0,617000.0,100000.0,599711.94,549291.7,62909.75
600000.0,617000.0,125000.0,600383.44,555876.9,86720.63
600000.0,617000.0,150000.0,600349.8,565388.8,106114.05
600000.0,617000.0,175000.0,599958.5,573880.7,127987.52
600000.0,617000.0,200000.0,600655.9,584152.2,149313.39
600000.0,617000.0,225000.0,602028.06,593807.2,172127.17
600000.0,617000.0,250000.0,603154.8,599420.7,196716.62
600000.0,617000.0,275000.0,602747.75,603703.4,219903.5
600000.0,592000.0,50000.0,603182.4,516988.16,19606.89
600000.0,592000.0,75000.0,603155.75,520360.53,43856.438
600000.0,592000.0,100000.0,602646.25,524879.6,69122.836
600000.0,592000.0,125000.0,601521.3,533504.94,94362.44
600000.0,592000.0,150000.0,600912.06,541599.06,114953.6
600000.0,592000.0,175000.0,600905.0,549065.25,137569.17
600000.0,592000.0,200000.0,600940.06,558941.06,158401.55
600000.0,592000.0,225000.0,601510.9,568728.8,180761.27
600000.0,592000.0,250000.0,602868.3,576554.2,205417.84
600000.0,592000.0,275000.0,602378.0,582914.8,228847.89
600000.0,592000.0,300000.0,602504.94,585328.56,252999.0
600000.0,567000.0,50000.0,604649.1,491340.3,26680.605
600000.0,567000.0,75000.0,603534.9,495873.28,51470.098
600000.0,567000.0,100000.0,602075.06,502667.47,76469.14
600000.0,567000.0,125000.0,601094.6,510609.84,100958.086
600000.0,567000.0,150000.0,600568.75,516863.72,124306.41
600000.0,567000.0,175000.0,600935.25,526054.1,147009.19
600000.0,567000.0,200000.0,601241.56,535632.3,167047.23
600000.0,567000.0,225000.0,601634.5,544865.8,189643.89
600000.0,567000.0,250000.0,601180.44,552783.94,213856.14
600000.0,567000.0,275000.0,599788.8,558853.25,237514.94
600000.0,567000.0,300000.0,598735.06,561339.94,261650.17
600000.0,542000.0,25000.0,604858.0,462772.03,7351.8945
600000.0,542000.0,50000.0,604044.3,467967.78,33883.973
600000.0,542000.0,75000.0,602843.5,474256.06,58518.594
600000.0,542000.0,100000.0,601228.2,479726.62,83168.29
600000.0,542000.0,125000.0,601045.56,485926.62,108173.016
600000.0,542000.0,150000.0,600878.7,492919.62,132315.44
600000.0,542000.0,175000.0,599990.2,503145.97,154315.7
600000.0,542000.0,200000.0,600577.0,513007.7,176336.11
600000.0,542000.0,225000.0,601147.3,522563.78,199833.66
600000.0,542000.0,250000.0,600861.7,530145.0,223108.4
600000.0,542000.0,275000.0,599684.94,535412.75,246225.44
600000.0,542000.0,300000.0,599215.2,537280.6,269595.78
600000.0,517000.0,25000.0,602348.8,436227.56,16932.758
600000.0,517000.0,50000.0,601731.0,443506.5,42289.793
600000.0,517000.0,75000.0,602696.3,450071.2,66863.375
600000.0,517000.0,100000.0,602149.56,454461.44,92223.98
600000.0,517000.0,125000.0,600980.25,461521.72,117720.33
600000.0,517000.0,150000.0,600971.06,469309.06,141195.67
600000.0,517000.0,175000.0,599715.7,477750.75,162034.72
600000.0,517000.0,200000.0,600361.25,488089.88,185381.02
600000.0,517000.0,225000.0,600701.2,498636.25,209232.86
600000.0,517000.0,250000.0,600208.0,506948.72,232738.33
600000.0,517000.0,275000.0,600292.75,513754.56,258011.62
600000.0,492000.0,25000.0,599418.75,410334.5,25932.568
600000.0,492000.0,50000.0,599998.75,418261.06,51376.27
600000.0,492000.0,75000.0,600426.94,424193.44,74750.63
600000.0,492000.0,100000.0,600660.75,428979.44,98799.195
600000.0,492000.0,125000.0,600090.1,436543.06,124094.305
600000.0,492000.0,150000.0,599910.1,445712.16,147858.17
600000.0,492000.0,175000.0,600304.5,455640.75,169518.4
600000.0,492000.0,200000.0,600778.4,464203.28,193199.38
600000.0,492000.0,225000.0,600609.0,473482.66,217662.84
600000.0,492000.0,250000.0,599915.6,481962.38,240898.55
600000.0,492000.0,275000.0,600060.2,490102.22,266785.62
600000.0,467000.0,25000.0,596287.06,386473.62,35483.645
600000.0,467000.0,50000.0,598151.8,393845.25,59198.016
600000.0,467000.0,75000.0,597381.44,399892.6,80609.875
600000.0,467000.0,100000.0,598055.56,405714.06,104236.9
600000.0,467000.0,125000.0,598894.4,413098.34,129766.74
600000.0,467000.0,150000.0,599360.6,422363.53,154627.62
600000.0,467000.0,175000.0,599812.56,432934.5,177782.73
600000.0,467000.0,200000.0,599601.5,440970.06,201246.95
600000.0,467000.0,225000.0,599855.06,450139.4,224764.95
600000.0,467000.0,250000.0,600008.8,457478.97,248167.88
600000.0,467000.0,275000.0,600556.6,465119.3,272781.75
600000.0,467000.0,300000.0,601108.9,468535.97,298713.38
600000.0,442000.0,25000.0,592740.8,361390.12,43961.0
600000.0,442000.0,50000.0,594798.8,367560.66,65609.46
600000.0,442000.0,75000.0,595741.9,374245.9,87301.164
600000.0,442000.0,100000.0,596532.3,382683.7,111132.86
600000.0,442000.0,125000.0,598004.2,391135.9,137063.73
600000.0,442000.0,150000.0,599368.75,398579.34,161300.27
600000.0,442000.0,175000.0,600033.4,409160.72,186022.81
600000.0,442000.0,200000.0,599300.44,418055.06,210051.47
600000.0,442000.0,225000.0,599913.5,427586.62,233701.05
600000.0,442000.0,250000.0,600499.4,435058.03,256406.95
600000.0,442000.0,275000.0,600163.94,441330.22,279787.66
600000.0,442000.0,300000.0,600221.06,443839.2,304668.75
600000.0,417000.0,25000.0,590314.6,337905.75,52988.152
600000.0,417000.0,50000.0,592271.5,343013.88,73621.48
600000.0,417000.0,75000.0,593362.4,349175.84,95087.914
600000.0,417000.0,100000.0,594726.75,357791.97,118897.96
600000.0,417000.0,125000.0,597257.7,368562.34,144332.66
600000.0,417000.0,150000.0,599952.1,376817.6,167875.27
600000.0,417000.0,175000.0,600413.2,385927.44,193102.0
600000.0,417000.0,200000.0,599591.06,394931.1,219344.27
600000.0,417000.0,225000.0,600963.94,404047.34,243104.17
600000.0,417000.0,250000.0,601067.6,411756.78,266029.8
600000.0,417000.0,275000.0,599858.1,417109.78,287889.53
600000.0,392000.0,25000.0,591928.06,315687.97,60516.77
600000.0,392000.0,50000.0,593818.25,319734.12,82503.016
600000.0,392000.0,75000.0,593594.9,325731.94,103836.64
600000.0,392000.0,100000.0,594386.1,333775.88,126667.45
600000.0,392000.0,125000.0,597273.8,344340.4,152449.36
600000.0,392000.0,150000.0,599274.8,353975.22,177145.31
600000.0,392000.0,175000.0,599207.3,361919.03,202396.39
600000.0,392000.0,200000.0,598530.44,371256.34,227926.39
600000.0,392000.0,225000.0,600314.6,378867.38,251611.3
600000.0,392000.0,250000.0,601320.44,385520.94,274451.47
600000.0,367000.0,25000.0,592722.8,293052.47,66867.9
600000.0,367000.0,50000.0,594055.4,296685.78,87832.68
600000.0,367000.0,75000.0,595331.7,303552.34,111135.74
600000.0,367000.0,100000.0,596739.8,310668.1,136521.36
600000.0,367000.0,125000.0,597359.1,319870.2,162647.7
600000.0,367000.0,150000.0,598246.06,330040.03,187077.27
600000.0,367000.0,175000.0,598821.5,339456.47,211476.75
600000.0,367000.0,200000.0,597491.6,347352.1,238563.05
600000.0,367000.0,225000.0,598760.56,354300.47,261968.78
600000.0,367000.0,250000.0,600536.7,360552.4,284060.66
600000.0,367000.0,275000.0,600136.75,366400.28,305722.16
600000.0,342000.0,50000.0,594889.8,271680.75,93228.43
600000.0,342000.0,75000.0,598460.8,279390.66,116187.66
600000.0,342000.0,100000.0,598985.94,287749.72,144947.33
600000.0,342000.0,125000.0,598154.25,296530.12,173857.31
600000.0,342000.0,150000.0,598688.7,306766.56,198494.88
600000.0,342000.0,175000.0,599907.44,316039.38,222785.62
600000.0,342000.0,200000.0,597638.75,322964.38,247754.38
600000.0,342000.0,225000.0,597501.4,329390.3,271238.88
600000.0,342000.0,250000.0,598551.2,335501.88,293068.3
600000.0,317000.0,75000.0,597577.1,251778.11,122578.51
600000.0,317000.0,100000.0,599861.94,262308.84,152719.64
600000.0,317000.0,125000.0,599204.2,273437.78,182948.33
600000.0,317000.0,150000.0,598593.75,283992.97,208823.05
600000.0,317000.0,175000.0,600582.3,293083.03,233700.7
600000.0,317000.0,200000.0,598144.75,297955.0,256486.72
600000.0,317000.0,225000.0,595801.06,302914.22,278415.7
600000.0,292000.0,100000.0,598120.7,236598.45,160667.72
600000.0,292000.0,125000.0,597921.56,246701.39,189932.44
600000.0,292000.0,150000.0,597437.4,257564.1,216620.95
600000.0,292000.0,175000.0,598782.1,267882.53,242927.8
600000.0,292000.0,200000.0,597811.0,272066.72,264215.2
600000.0,292000.0,225000.0,595779.94,275837.06,285575.38
600000.0,267000.0,125000.0,598663.94,219725.11,194308.94
600000.0,267000.0,150000.0,597852.8,230215.64,221862.92
600000.0,267000.0,175000.0,598243.4,240247.48,247639.62
600000.0,267000.0,200000.0,597664.6,245789.14,270687.03
600000.0,242000.0,175000.0,598865.4,214020.8,253130.73
625000.0,692000.0,150000.0,617328.94,626939.75,84466.86
625000.0,692000.0,175000.0,618555.94,636921.1,105159.88
625000.0,692000.0,200000.0,619881.0,646879.06,127752.6
625000.0,692000.0,225000.0,620225.06,656306.44,149797.77
625000.0,692000.0,250000.0,620988.0,664369.94,174864.52
625000.0,667000.0,125000.0,618324.2,597973.94,70849.195
625000.0,667000.0,150000.0,618914.8,606968.75,89186.414
625000.0,667000.0,175000.0,620254.25,618080.8,110822.4
625000.0,667000.0,200000.0,622540.8,626993.06,134475.53
625000.0,667000.0,225000.0,622970.06,635820.8,157196.11
625000.0,667000.0,250000.0,622771.9,642522.5,181062.02
625000.0,667000.0,275000.0,622678.0,648409.4,206262.12
625000.0,642000.0,100000.0,620158.0,572249.75,56128.625
625000.0,642000.0,125000.0,620977.8,579043.44,77973.875
625000.0,642000.0,150000.0,621586.56,587677.4,97612.34
625000.0,642000.0,175000.0,623058.94,597887.7,118736.914
625000.0,642000.0,200000.0,625235.3,606721.06,142535.25
625000.0,642000.0,225000.0,624446.56,616359.8,164719.2
625000.0,642000.0,250000.0,622794.3,620740.7,188892.39
625000.0,642000.0,275000.0,623304.6,625231.06,213642.67
625000.0,617000.0,75000.0,623747.25,545280.1,40340.44
625000.0,617000.0,100000.0,624014.3,549820.9,64230.516
625000.0,617000.0,125000.0,624847.0,557429.7,86053.06
625000.0,617000.0,150000.0,625710.8,565725.75,107084.29
625000.0,617000.0,175000.0,626419.5,573852.3,129324.055
625000.0,617000.0,200000.0,625412.2,584272.75,152328.12
625000.0,617000.0,225000.0,624419.1,593995.7,174588.52
625000.0,617000.0,250000.0,625093.44,599790.75,198295.56
625000.0,617000.0,275000.0,626163.2,604184.94,221694.16
625000.0,592000.0,75000.0,628188.9,520848.03,44832.27
625000.0,592000.0,100000.0,628667.25,526323.25,71079.48
625000.0,592000.0,125000.0,628430.2,533688.3,94642.08
625000.0,592000.0,150000.0,628023.25,540747.75,115463.46
625000.0,592000.0,175000.0,627631.0,548088.7,137559.62
625000.0,592000.0,200000.0,625615.7,559701.06,159645.3
625000.0,592000.0,225000.0,625053.3,570276.1,182421.53
625000.0,592000.0,250000.0,625595.25,577903.8,207339.34
625000.0,592000.0,275000.0,626496.6,582911.8,230513.52
625000.0,567000.0,50000.0,630552.7,491869.8,28056.945
625000.0,567000.0,75000.0,629102.4,496836.38,51963.797
625000.0,567000.0,100000.0,628998.4,503297.9,76650.25
625000.0,567000.0,125000.0,630849.94,510612.97,101269.05
625000.0,567000.0,150000.0,629798.5,517310.2,122936.54
625000.0,567000.0,175000.0,626476.94,525315.7,145906.77
625000.0,567000.0,200000.0,625529.25,536070.94,167182.38
625000.0,567000.0,225000.0,625100.7,545779.94,189078.92
625000.0,567000.0,250000.0,623805.56,553313.44,215372.03
625000.0,567000.0,275000.0,623706.4,557848.9,238393.31
625000.0,567000.0,300000.0,623738.9,560181.25,261961.25
625000.0,542000.0,50000.0,631968.5,467370.47,35238.195
625000.0,542000.0,75000.0,629738.4,472186.72,58827.43
625000.0,542000.0,100000.0,628820.44,479324.7,84044.69
625000.0,542000.0,125000.0,629042.6,486931.16,107786.016
625000.0,542000.0,150000.0,627500.8,493965.5,130010.01
625000.0,542000.0,175000.0,625709.94,502337.53,153766.14
625000.0,542000.0,200000.0,625934.5,512492.8,175578.88
625000.0,542000.0,225000.0,625924.25,522355.84,198045.53
625000.0,542000.0,250000.0,624447.1,529293.1,223704.31
625000.0,542000.0,275000.0,623562.3,534754.3,246160.11
625000.0,542000.0,300000.0,622620.5,536955.44,269381.28
625000.0,517000.0,25000.0,628756.7,435331.2,17955.045
625000.0,517000.0,50000.0,629334.9,442074.12,43771.723
625000.0,517000.0,75000.0,629497.94,447549.38,66950.7
625000.0,517000.0,100000.0,628848.06,454062.06,92375.01
625000.0,517000.0,125000.0,627492.4,462566.66,116284.945
625000.0,517000.0,150000.0,626263.4,470370.25,138724.34
625000.0,517000.0,175000.0,625524.8,478475.47,160910.94
625000.0,517000.0,200000.0,625820.44,488529.56,184167.64
625000.0,517000.0,225000.0,625553.1,498708.3,207821.25
625000.0,517000.0,250000.0,625355.2,505646.88,232622.95
625000.0,517000.0,275000.0,625317.3,512284.25,256231.08
625000.0,492000.0,25000.0,624640.1,409925.16,26641.896
625000.0,492000.0,50000.0,625576.2,416878.97,50456.86
625000.0,492000.0,75000.0,625959.94,423251.88,73809.65
625000.0,492000.0,100000.0,625807.56,429041.44,98672.125
625000.0,492000.0,125000.0,625307.1,436808.16,123101.49
625000.0,492000.0,150000.0,625158.7,446960.88,147338.23
625000.0,492000.0,175000.0,625446.7,456097.78,168847.3
625000.0,492000.0,200000.0,625449.0,464291.94,192452.2
625000.0,492000.0,225000.0,625026.1,474290.38,217050.28
625000.0,492000.0,250000.0,626169.94,480765.06,240862.75
625000.0,492000.0,275000.0,626489.94,487472.2,265189.28
625000.0,467000.0,25000.0,621285.56,387180.62,35230.39
625000.0,467000.0,50000.0,622207.5,393128.75,57290.527
625000.0,467000.0,75000.0,622186.25,398499.0,79858.1
625000.0,467000.0,100000.0,622964.44,405047.53,104396.97
625000.0,467000.0,125000.0,623727.0,412973.53,129912.29
625000.0,467000.0,150000.0,624885.6,423258.38,155911.02
625000.0,467000.0,175000.0,625038.75,433448.0,177898.0
625000.0,467000.0,200000.0,623647.0,441173.88,200879.44
625000.0,467000.0,225000.0,624199.5,450655.1,225425.45
625000.0,467000.0,250000.0,625648.2,456575.75,248489.03
625000.0,467000.0,275000.0,626168.3,461012.38,272490.06
625000.0,442000.0,25000.0,618002.9,363246.38,42472.633
625000.0,442000.0,50000.0,619759.44,368754.56,65431.703
625000.0,442000.0,75000.0,620902.4,374628.16,87933.56
625000.0,442000.0,100000.0,621636.0,382130.47,111463.18
625000.0,442000.0,125000.0,623098.06,391377.06,137407.81
625000.0,442000.0,150000.0,624370.44,399905.88,162929.2
625000.0,442000.0,175000.0,624484.44,409262.4,185858.67
625000.0,442000.0,200000.0,623518.3,418088.44,210401.52
625000.0,442000.0,225000.0,623786.44,427241.28,234159.45
625000.0,442000.0,250000.0,625465.8,433339.38,256352.97
625000.0,442000.0,275000.0,625955.0,438175.0,281061.72
625000.0,417000.0,25000.0,615891.9,339029.53,50550.54
625000.0,417000.0,50000.0,617102.9,344432.47,73463.87
625000.0,417000.0,75000.0,619798.75,350745.72,96398.79
625000.0,417000.0,100000.0,621293.75,357870.22,119708.586
625000.0,417000.0,125000.0,622608.9,368464.6,145204.06
625000.0,417000.0,150000.0,624362.25,377385.1,169027.83
625000.0,417000.0,175000.0,624929.94,385856.6,193138.58
625000.0,417000.0,200000.0,624829.56,393990.28,220258.81
625000.0,417000.0,225000.0,625725.8,403284.03,243804.75
625000.0,417000.0,250000.0,626659.06,410382.34,266182.12
625000.0,417000.0,275000.0,625850.5,414879.5,289457.44
625000.0,392000.0,25000.0,616590.9,316333.7,59054.223
625000.0,392000.0,50000.0,618289.9,320570.3,81712.445
625000.0,392000.0,75000.0,619989.6,326400.38,104315.91
625000.0,392000.0,100000.0,621065.4,333926.84,127695.664
625000.0,392000.0,125000.0,622241.2,342815.34,152907.88
625000.0,392000.0,150000.0,623951.7,353777.06,178247.52
625000.0,392000.0,175000.0,624534.56,362318.47,202689.61
625000.0,392000.0,200000.0,624668.2,370139.6,228323.53
625000.0,392000.0,225000.0,626260.4,377539.47,251228.11
625000.0,392000.0,250000.0,626549.7,384030.62,275376.9
625000.0,392000.0,275000.0,625575.06,389554.78,298242.22
625000.0,367000.0,50000.0,619641.8,297604.44,88679.78
625000.0,367000.0,75000.0,621076.1,303024.97,111864.51
625000.0,367000.0,100000.0,621926.6,310479.6,136646.69
625000.0,367000.0,125000.0,622876.56,319176.5,162314.28
625000.0,367000.0,150000.0,623727.75,329378.12,187544.22
625000.0,367000.0,175000.0,624059.2,338584.72,212086.19
625000.0,367000.0,200000.0,624516.06,346622.62,236826.3
625000.0,367000.0,225000.0,626220.75,352793.84,260270.39
625000.0,367000.0,250000.0,625267.3,359062.25,284072.62
625000.0,367000.0,275000.0,624226.7,365478.12,305607.72
625000.0,342000.0,50000.0,619090.1,272902.84,94246.6
625000.0,342000.0,75000.0,623520.9,279726.53,118595.69
625000.0,342000.0,100000.0,623329.44,287953.0,145428.6
625000.0,342000.0,125000.0,622594.75,297592.78,171656.67
625000.0,342000.0,150000.0,623307.0,306691.28,196954.83
625000.0,342000.0,175000.0,624836.06,315205.3,221852.78
625000.0,342000.0,200000.0,624915.8,323397.78,245352.69
625000.0,342000.0,225000.0,624386.5,329381.8,268251.84
625000.0,342000.0,250000.0,623658.94,334107.5,291801.53
625000.0,317000.0,75000.0,621227.1,253343.8,125152.76
625000.0,317000.0,100000.0,624040.4,262766.38,152830.72
625000.0,317000.0,125000.0,622621.1,274409.5,179857.64
625000.0,317000.0,150000.0,622759.7,284105.47,206272.98
625000.0,317000.0,175000.0,625183.4,292609.75,231586.83
625000.0,317000.0,200000.0,624248.25,298493.28,254772.95
625000.0,292000.0,100000.0,622844.44,237739.69,158094.9
625000.0,292000.0,125000.0,622513.25,248023.94,186181.45
625000.0,292000.0,150000.0,622022.94,258534.27,213952.1
625000.0,292000.0,175000.0,622756.0,267312.97,239942.75
625000.0,292000.0,200000.0,622994.6,271982.78,263204.9
625000.0,267000.0,125000.0,624546.75,220598.55,191734.4
625000.0,267000.0,150000.0,622986.06,230867.27,219562.97
625000.0,267000.0,175000.0,622447.4,240568.1,245495.7
625000.0,267000.0,200000.0,622956.3,246926.05,270000.62
625000.0,242000.0,175000.0,622890.6,214894.62,251235.67
650000.0,692000.0,175000.0,644369.9,638596.94,107372.664
650000.0,692000.0,200000.0,644960.94,646646.2,130129.016
650000.0,692000.0,225000.0,646179.75,655283.5,152031.53
650000.0,667000.0,125000.0,646224.7,600030.4,69226.12
650000.0,667000.0,150000.0,647121.75,608935.25,90752.89
650000.0,667000.0,175000.0,647292.94,618333.75,112872.555
650000.0,667000.0,200000.0,647604.7,626061.75,136297.78
650000.0,667000.0,225000.0,648052.0,634113.75,159228.89
650000.0,667000.0,250000.0,647276.2,640897.9,183563.23
650000.0,642000.0,100000.0,648754.9,572554.44,54389.895
650000.0,642000.0,125000.0,649293.4,579608.06,76607.766
650000.0,642000.0,150000.0,649912.75,588097.1,98598.83
650000.0,642000.0,175000.0,650181.06,597825.0,120861.57
650000.0,642000.0,200000.0,649800.5,605784.3,144059.08
650000.0,642000.0,225000.0,649171.7,613799.3,167588.02
650000.0,642000.0,250000.0,648074.8,619811.4,190476.42
650000.0,642000.0,275000.0,646875.9,624474.2,215024.38
650000.0,617000.0,75000.0,652055.06,546196.2,39465.344
650000.0,617000.0,100000.0,651906.44,551303.56,62524.285
650000.0,617000.0,125000.0,651505.8,557693.56,86531.586
650000.0,617000.0,150000.0,652214.94,565394.94,108206.125
650000.0,617000.0,175000.0,652074.5,573917.0,129420.23
650000.0,617000.0,200000.0,650284.4,582900.9,152160.7
650000.0,617000.0,225000.0,649566.6,592100.06,174976.25
650000.0,617000.0,250000.0,649701.5,598540.5,198714.56
650000.0,617000.0,275000.0,648772.4,603176.44,223467.55
650000.0,592000.0,75000.0,655149.3,522036.25,45505.613
650000.0,592000.0,100000.0,654487.75,527960.94,70702.13
650000.0,592000.0,125000.0,655273.56,533985.8,94866.55
650000.0,592000.0,150000.0,655743.0,541321.4,116021.18
650000.0,592000.0,175000.0,652596.7,549329.4,137033.97
650000.0,592000.0,200000.0,650400.56,558876.1,159951.55
650000.0,592000.0,225000.0,650609.44,568965.06,182661.86
650000.0,592000.0,250000.0,651175.8,576458.44,207274.5
650000.0,567000.0,50000.0,657438.75,491756.44,28006.072
650000.0,567000.0,75000.0,656382.7,497119.62,51564.11
650000.0,567000.0,100000.0,656026.94,503097.56,78118.55
650000.0,567000.0,125000.0,657157.4,510072.8,100904.54
650000.0,567000.0,150000.0,656365.4,518076.9,122360.945
650000.0,567000.0,175000.0,651809.0,526012.0,145866.94
650000.0,567000.0,200000.0,650444.75,535059.0,168760.75
650000.0,567000.0,225000.0,650771.1,544066.6,190858.88
650000.0,567000.0,250000.0,650251.1,551440.7,215896.94
650000.0,567000.0,275000.0,650892.56,557104.5,238935.9
650000.0,542000.0,50000.0,658325.5,466435.97,34827.094
650000.0,542000.0,75000.0,656947.9,471025.0,58175.91
650000.0,542000.0,100000.0,655835.0,478562.44,86066.414
650000.0,542000.0,125000.0,655605.94,486645.1,106954.82
650000.0,542000.0,150000.0,653589.1,494349.06,129554.66
650000.0,542000.0,175000.0,650719.56,501717.47,154679.06
650000.0,542000.0,200000.0,651372.5,510873.97,176964.03
650000.0,542000.0,225000.0,651484.3,519700.12,199320.4
650000.0,542000.0,250000.0,650819.0,527550.0,225217.23
650000.0,542000.0,275000.0,651777.7,532812.75,247371.52
650000.0,517000.0,50000.0,654921.1,439685.06,43349.082
650000.0,517000.0,75000.0,655264.56,445267.16,66725.07
650000.0,517000.0,100000.0,654011.6,454070.3,91318.01
650000.0,517000.0,125000.0,652859.44,463796.16,114096.836
650000.0,517000.0,150000.0,651217.5,471233.2,137854.78
650000.0,517000.0,175000.0,650824.56,478817.12,162279.81
650000.0,517000.0,200000.0,651511.8,487792.6,184739.88
650000.0,517000.0,225000.0,651223.94,497399.06,207936.31
650000.0,517000.0,250000.0,651663.06,504000.4,234176.16
650000.0,517000.0,275000.0,653217.8,508818.0,256234.92
650000.0,492000.0,50000.0,649772.2,414824.3,49503.883
650000.0,492000.0,75000.0,650560.1,421122.94,73266.78
650000.0,492000.0,100000.0,650012.4,429374.56,97925.07
650000.0,492000.0,125000.0,650123.6,438003.25,121970.414
650000.0,492000.0,150000.0,650694.3,447376.1,146825.31
650000.0,492000.0,175000.0,651412.75,455242.7,169872.89
650000.0,492000.0,200000.0,651669.8,464070.66,192497.14
650000.0,492000.0,225000.0,651668.0,473902.78,216931.12
650000.0,492000.0,250000.0,653031.56,479715.25,242974.42
650000.0,492000.0,275000.0,652459.3,484508.9,264072.2
650000.0,467000.0,25000.0,644337.56,387513.25,36496.42
650000.0,467000.0,50000.0,644451.25,390971.66,56668.777
650000.0,467000.0,75000.0,645242.5,396950.44,79707.8
650000.0,467000.0,100000.0,647492.9,405028.9,104338.5
650000.0,467000.0,125000.0,648753.2,413557.38,130678.055
650000.0,467000.0,150000.0,650231.0,423210.8,155773.11
650000.0,467000.0,175000.0,650613.94,431992.12,176463.88
650000.0,467000.0,200000.0,650217.4,441098.66,200099.1
650000.0,467000.0,225000.0,650757.8,450129.4,225732.92
650000.0,467000.0,250000.0,652114.94,455858.53,249135.25
650000.0,467000.0,275000.0,651360.1,459853.72,270768.72
650000.0,442000.0,25000.0,643270.6,365533.03,43108.168
650000.0,442000.0,50000.0,642961.75,369461.44,66327.48
650000.0,442000.0,75000.0,643653.25,375132.1,89296.984
650000.0,442000.0,100000.0,645269.25,381108.72,111608.984
650000.0,442000.0,125000.0,647228.1,390274.78,137440.78
650000.0,442000.0,150000.0,649423.9,399689.84,161974.73
650000.0,442000.0,175000.0,650389.75,408938.72,183988.64
650000.0,442000.0,200000.0,649324.9,417651.7,209707.14
650000.0,442000.0,225000.0,649060.25,427065.47,234160.84
650000.0,442000.0,250000.0,650866.25,431958.12,256056.83
650000.0,417000.0,25000.0,642771.7,342289.72,49711.312
650000.0,417000.0,50000.0,643423.6,347272.78,74124.84
650000.0,417000.0,75000.0,643854.94,352908.06,97808.66
650000.0,417000.0,100000.0,643669.94,357601.4,120089.19
650000.0,417000.0,125000.0,645959.44,366542.6,144610.62
650000.0,417000.0,150000.0,648918.44,375773.12,167856.78
650000.0,417000.0,175000.0,650801.94,385320.2,192419.12
650000.0,417000.0,200000.0,649655.1,393436.1,219719.97
650000.0,417000.0,225000.0,649620.25,402484.9,244287.53
650000.0,417000.0,250000.0,650527.5,407542.34,265486.2
650000.0,417000.0,275000.0,649819.56,411126.72,288279.62
650000.0,392000.0,50000.0,644622.7,323921.78,81932.56
650000.0,392000.0,75000.0,645464.8,329497.06,105000.16
650000.0,392000.0,100000.0,644475.94,335674.03,127411.87
650000.0,392000.0,125000.0,645028.7,342432.03,152298.62
650000.0,392000.0,150000.0,648686.94,352137.3,177476.42
650000.0,392000.0,175000.0,649950.4,362241.12,201753.14
650000.0,392000.0,200000.0,648940.8,369623.62,227884.25
650000.0,392000.0,225000.0,649499.6,376483.53,252103.2
650000.0,392000.0,250000.0,649099.2,381955.4,274872.6
650000.0,367000.0,50000.0,645907.8,299883.88,88542.35
650000.0,367000.0,75000.0,647981.6,306364.7,112224.46
650000.0,367000.0,100000.0,647731.94,314094.34,135911.95
650000.0,367000.0,125000.0,646913.5,321253.75,160921.88
650000.0,367000.0,150000.0,649034.94,330146.06,185649.44
650000.0,367000.0,175000.0,649452.75,338180.22,211134.95
650000.0,367000.0,200000.0,649244.25,345923.12,236405.28
650000.0,367000.0,225000.0,650090.0,351753.47,259880.06
650000.0,367000.0,250000.0,648092.9,358374.34,283438.94
650000.0,342000.0,50000.0,644916.3,275152.56,94711.28
650000.0,342000.0,75000.0,648548.7,282259.16,120404.695
650000.0,342000.0,100000.0,648725.44,290056.34,145642.78
650000.0,342000.0,125000.0,648558.9,298751.28,170575.3
650000.0,342000.0,150000.0,649693.3,306998.97,195641.12
650000.0,342000.0,175000.0,650445.75,315102.53,220755.81
650000.0,342000.0,200000.0,649928.9,323204.62,244177.31
650000.0,342000.0,225000.0,649265.1,328887.66,265828.3
650000.0,317000.0,75000.0,645671.75,256014.66,126561.81
650000.0,317000.0,100000.0,647544.1,264436.62,152989.9
650000.0,317000.0,125000.0,647965.3,274029.9,178748.81
650000.0,317000.0,150000.0,649116.44,283296.3,204334.98
650000.0,317000.0,175000.0,650686.8,291070.6,229448.33
650000.0,317000.0,200000.0,650029.4,298182.25,253815.61
650000.0,292000.0,100000.0,647535.56,237144.52,158402.97
650000.0,292000.0,125000.0,646970.1,247434.17,185099.2
650000.0,292000.0,150000.0,646997.56,257068.58,211284.2
650000.0,292000.0,175000.0,647687.3,264667.9,236734.98
650000.0,292000.0,200000.0,648494.06,270877.66,262109.19
650000.0,267000.0,150000.0,646559.8,229685.69,218020.23
650000.0,267000.0,175000.0,647015.7,237647.2,243409.83
675000.0,667000.0,150000.0,673588.9,609079.8,91761.16
675000.0,667000.0,175000.0,673702.8,617248.3,114625.75
675000.0,667000.0,200000.0,673030.1,623943.1,137660.47
675000.0,667000.0,225000.0,672813.1,632427.3,159995.73
675000.0,642000.0,125000.0,677485.0,580071.7,75947.8
675000.0,642000.0,150000.0,677067.1,588809.94,98965.02
675000.0,642000.0,175000.0,676225.94,597396.3,121268.84
675000.0,642000.0,200000.0,675380.1,603747.44,143980.47
675000.0,642000.0,225000.0,674415.2,612031.56,167070.78
675000.0,642000.0,250000.0,672727.25,616610.2,191627.28
675000.0,617000.0,100000.0,677952.3,552455.8,59965.086
675000.0,617000.0,125000.0,678208.3,558894.9,84901.25
675000.0,617000.0,150000.0,677300.8,566532.0,106372.88
675000.0,617000.0,175000.0,675898.3,574694.0,128544.984
675000.0,617000.0,200000.0,675635.1,581556.2,151126.64
675000.0,617000.0,225000.0,675623.0,589617.9,173180.42
675000.0,617000.0,250000.0,674659.5,594965.56,197926.89
675000.0,592000.0,75000.0,679729.2,524501.8,43101.234
675000.0,592000.0,100000.0,678476.9,530372.06,67428.5
675000.0,592000.0,125000.0,678225.5,536783.25,92909.836
675000.0,592000.0,150000.0,676750.5,542949.25,114863.84
675000.0,592000.0,175000.0,674866.6,550103.25,137177.34
675000.0,592000.0,200000.0,674264.56,557532.8,159612.0
675000.0,592000.0,225000.0,676352.56,566292.2,181276.7
675000.0,592000.0,250000.0,676545.44,574102.94,205586.62
675000.0,567000.0,75000.0,679503.8,498917.34,48853.95
675000.0,567000.0,100000.0,679676.8,504870.2,74996.4
675000.0,567000.0,125000.0,679705.06,512757.03,99495.87
675000.0,567000.0,150000.0,678279.94,519522.1,122587.484
675000.0,567000.0,175000.0,675637.0,527171.7,147087.27
675000.0,567000.0,200000.0,673953.6,534432.2,169597.64
675000.0,567000.0,225000.0,675072.1,543426.75,191380.53
675000.0,567000.0,250000.0,676517.75,550251.2,215609.1
675000.0,542000.0,50000.0,679563.44,469238.9,32990.555
675000.0,542000.0,75000.0,678880.7,474099.2,56108.63
675000.0,542000.0,100000.0,679027.4,480157.53,82289.85
675000.0,542000.0,125000.0,678818.8,488201.4,105878.914
675000.0,542000.0,150000.0,677184.8,495554.88,129795.26
675000.0,542000.0,175000.0,674489.4,502529.47,155653.97
675000.0,542000.0,200000.0,674304.56,511098.0,177646.44
675000.0,542000.0,225000.0,675493.8,519171.3,201605.84
675000.0,542000.0,250000.0,676682.5,525824.5,226770.56
675000.0,517000.0,50000.0,677552.4,441938.44,41515.65
675000.0,517000.0,75000.0,679100.8,448683.84,66399.76
675000.0,517000.0,100000.0,677798.7,456346.25,90672.36
675000.0,517000.0,125000.0,677132.56,464047.38,113489.08
675000.0,517000.0,150000.0,675607.44,471211.28,139139.6
675000.0,517000.0,175000.0,674374.75,478451.38,164354.25
675000.0,517000.0,200000.0,674851.75,487674.44,185692.42
675000.0,517000.0,225000.0,675136.75,495887.72,210205.12
675000.0,517000.0,250000.0,677127.2,502452.3,235666.31
675000.0,517000.0,275000.0,678971.0,507153.12,256252.94
675000.0,492000.0,25000.0,671461.6,410334.28,28561.29
675000.0,492000.0,50000.0,672606.94,415207.8,49428.31
675000.0,492000.0,75000.0,674840.7,422937.16,74489.22
675000.0,492000.0,100000.0,675254.2,431593.1,98198.93
675000.0,492000.0,125000.0,675527.06,438471.34,122022.15
675000.0,492000.0,150000.0,675339.25,446663.53,147822.17
675000.0,492000.0,175000.0,675602.9,454284.56,171871.55
675000.0,492000.0,200000.0,676382.8,463592.72,193109.53
675000.0,492000.0,225000.0,676675.94,473116.0,217803.05
675000.0,492000.0,250000.0,678428.25,479029.78,243699.88
675000.0,467000.0,25000.0,669057.75,388630.6,36225.65
675000.0,467000.0,50000.0,668763.44,392317.56,56313.938
675000.0,467000.0,75000.0,669204.25,399282.0,81180.06
675000.0,467000.0,100000.0,672534.94,406499.2,105283.65
675000.0,467000.0,125000.0,674160.5,414090.88,130588.47
675000.0,467000.0,150000.0,674747.06,422995.53,154565.72
675000.0,467000.0,175000.0,675513.5,430470.28,175640.08
675000.0,467000.0,200000.0,675646.0,440817.0,199881.72
675000.0,467000.0,225000.0,676445.56,449119.84,225398.44
675000.0,467000.0,250000.0,677422.75,455069.03,249065.95
675000.0,442000.0,25000.0,669095.3,367349.22,44331.113
675000.0,442000.0,50000.0,668299.1,371555.66,66658.37
675000.0,442000.0,75000.0,669229.1,377339.97,91234.37
675000.0,442000.0,100000.0,670204.44,382115.7,113361.82
675000.0,442000.0,125000.0,672594.1,390524.97,138714.75
675000.0,442000.0,150000.0,674517.25,399780.75,161488.06
675000.0,442000.0,175000.0,676577.25,408414.16,183277.11
675000.0,442000.0,200000.0,675398.6,417642.88,208792.61
675000.0,442000.0,225000.0,675206.0,425417.06,233270.12
675000.0,442000.0,250000.0,675844.7,430251.75,255647.38
675000.0,417000.0,50000.0,669304.1,348310.84,77264.33
675000.0,417000.0,75000.0,669637.06,353049.28,100094.94
675000.0,417000.0,100000.0,668387.56,358259.72,121308.29
675000.0,417000.0,125000.0,671408.44,366815.44,145622.27
675000.0,417000.0,150000.0,674365.25,375676.66,169610.67
675000.0,417000.0,175000.0,676870.1,385301.44,192641.12
675000.0,417000.0,200000.0,675630.06,392823.0,218033.56
675000.0,417000.0,225000.0,675163.25,400342.84,242237.62
675000.0,417000.0,250000.0,674962.0,405751.28,264756.0
675000.0,392000.0,50000.0,671048.8,325914.16,84551.34
675000.0,392000.0,75000.0,671106.4,330624.7,106438.22
675000.0,392000.0,100000.0,668763.44,336675.78,128724.56
675000.0,392000.0,125000.0,670781.06,343042.1,152903.2
675000.0,392000.0,150000.0,674745.94,351597.34,176884.58
675000.0,392000.0,175000.0,675439.0,361094.9,201158.86
675000.0,392000.0,200000.0,674940.6,369222.12,227187.02
675000.0,392000.0,225000.0,674990.8,375580.66,251234.4
675000.0,392000.0,250000.0,672855.75,381046.44,273631.47
675000.0,367000.0,50000.0,673059.25,301691.88,91055.24
675000.0,367000.0,75000.0,674095.75,307484.66,112607.31
675000.0,367000.0,100000.0,672548.8,314409.38,137259.94
675000.0,367000.0,125000.0,672851.6,321323.44,162696.5
675000.0,367000.0,150000.0,675138.3,329615.9,184936.11
675000.0,367000.0,175000.0,674751.3,337604.56,210346.77
675000.0,367000.0,200000.0,674338.5,346507.84,235915.17
675000.0,367000.0,225000.0,674489.1,351756.66,258725.8
675000.0,342000.0,75000.0,673846.94,283374.56,120643.33
675000.0,342000.0,100000.0,673485.7,290069.2,145863.8
675000.0,342000.0,125000.0,673912.75,297641.62,172048.34
675000.0,342000.0,150000.0,675231.5,306170.72,196327.72
675000.0,342000.0,175000.0,674844.5,313688.25,220146.61
675000.0,342000.0,200000.0,673804.25,322003.44,243993.34
675000.0,342000.0,225000.0,673560.7,327282.1,264737.8
675000.0,317000.0,100000.0,673080.06,265591.5,152657.58
675000.0,317000.0,125000.0,673182.4,273349.25,179877.94
675000.0,317000.0,150000.0,674886.8,281222.7,204741.39
675000.0,317000.0,175000.0,676166.2,288394.12,228804.44
675000.0,317000.0,200000.0,674977.44,295632.8,252502.28
675000.0,292000.0,125000.0,671533.4,247183.61,185441.64
675000.0,292000.0,150000.0,672532.06,255064.7,210092.08
700000.0,642000.0,125000.0,701873.5,579980.75,76453.72
700000.0,642000.0,150000.0,701448.94,587604.94,97847.836
700000.0,642000.0,175000.0,700560.94,595105.0,120262.04
700000.0,642000.0,200000.0,699500.4,600851.44,143926.92
700000.0,617000.0,100000.0,701879.44,552651.6,59959.332
700000.0,617000.0,125000.0,702232.25,558583.9,82543.47
700000.0,617000.0,150000.0,701456.3,565748.7,103960.375
700000.0,617000.0,175000.0,700821.5,573685.25,127591.13
700000.0,617000.0,200000.0,701083.06,580710.25,151074.36
700000.0,617000.0,225000.0,699549.7,586461.9,174219.02
700000.0,592000.0,100000.0,701055.1,533528.5,65187.445
700000.0,592000.0,125000.0,701231.94,537799.75,89477.766
700000.0,592000.0,150000.0,700713.5,542051.44,113291.53
700000.0,592000.0,175000.0,700470.5,549618.1,137686.44
700000.0,592000.0,200000.0,700580.56,558185.0,160177.1
700000.0,592000.0,225000.0,700633.8,567451.4,181824.17
700000.0,592000.0,250000.0,700643.5,571683.0,206392.88
700000.0,567000.0,75000.0,702509.5,503410.6,46784.523
700000.0,567000.0,100000.0,702031.0,509290.72,71780.625
700000.0,567000.0,125000.0,702185.5,514329.4,97892.84
700000.0,567000.0,150000.0,702318.25,518750.44,122404.72
700000.0,567000.0,175000.0,701410.1,526769.1,147706.45
700000.0,567000.0,200000.0,699959.4,535000.9,169344.92
700000.0,567000.0,225000.0,700905.6,544120.75,191585.81
700000.0,567000.0,250000.0,701227.25,549419.94,216137.44
700000.0,542000.0,50000.0,703160.6,472202.94,31686.953
700000.0,542000.0,75000.0,702161.4,478169.94,54101.586
700000.0,542000.0,100000.0,702112.5,484001.06,79960.77
700000.0,542000.0,125000.0,702214.0,488337.03,105753.67
700000.0,542000.0,150000.0,702170.0,494752.62,130161.31
700000.0,542000.0,175000.0,700643.8,503102.84,155081.72
700000.0,542000.0,200000.0,699639.3,511388.12,177384.84
700000.0,542000.0,225000.0,700595.0,519175.66,201647.77
700000.0,542000.0,250000.0,702213.6,524530.4,225497.47
700000.0,517000.0,50000.0,702121.0,445381.44,40774.605
700000.0,517000.0,75000.0,701943.1,452638.06,64340.73
700000.0,517000.0,100000.0,701397.1,458984.88,89839.875
700000.0,517000.0,125000.0,701386.25,463126.47,113983.6
700000.0,517000.0,150000.0,700606.56,469709.66,139303.84
700000.0,517000.0,175000.0,699848.94,477486.25,163049.4
700000.0,517000.0,200000.0,699809.06,487142.72,186484.2
700000.0,517000.0,225000.0,699975.1,495321.16,211574.34
700000.0,517000.0,250000.0,701811.6,501244.12,234243.62
700000.0,492000.0,50000.0,699711.2,419046.25,51056.1
700000.0,492000.0,75000.0,699893.56,426636.47,74639.45
700000.0,492000.0,100000.0,700273.5,433810.5,98563.7
700000.0,492000.0,125000.0,700483.06,438540.6,122431.8
700000.0,492000.0,150000.0,699914.25,445507.03,147685.64
700000.0,492000.0,175000.0,699978.8,453529.06,172083.73
700000.0,492000.0,200000.0,700906.7,463588.78,194796.47
700000.0,492000.0,225000.0,700310.56,472546.03,219689.62
700000.0,492000.0,250000.0,701758.3,478586.75,242583.52
700000.0,467000.0,25000.0,696148.3,390431.88,37144.21
700000.0,467000.0,50000.0,697720.1,395873.22,58942.453
700000.0,467000.0,75000.0,697260.06,403415.97,83398.266
700000.0,467000.0,100000.0,698951.8,408767.1,107546.87
700000.0,467000.0,125000.0,699604.9,414615.25,131408.33
700000.0,467000.0,150000.0,699498.1,422345.7,154162.86
700000.0,467000.0,175000.0,699537.1,430668.38,175775.17
700000.0,467000.0,200000.0,700057.44,440522.7,200561.92
700000.0,467000.0,225000.0,700766.5,448415.75,225821.75
700000.0,467000.0,250000.0,701292.0,454533.38,247920.97
700000.0,442000.0,25000.0,694515.56,368206.2,44977.516
700000.0,442000.0,50000.0,697079.6,372589.2,69578.6
700000.0,442000.0,75000.0,697847.25,379018.38,93803.62
700000.0,442000.0,100000.0,698300.75,384344.3,115699.7
700000.0,442000.0,125000.0,699042.8,390818.66,140395.05
700000.0,442000.0,150000.0,699416.56,398519.1,162632.39
700000.0,442000.0,175000.0,699497.2,407268.38,181994.45
700000.0,442000.0,200000.0,699710.44,416194.53,206778.2
700000.0,442000.0,225000.0,700607.94,423787.94,232447.55
700000.0,442000.0,250000.0,701149.9,429198.78,254342.9
700000.0,417000.0,50000.0,696982.06,349479.22,79989.65
700000.0,417000.0,75000.0,698314.06,354227.62,102398.69
700000.0,417000.0,100000.0,698263.5,359194.47,123311.52
700000.0,417000.0,125000.0,698801.25,366347.66,148244.33
700000.0,417000.0,150000.0,699473.75,374623.16,170622.67
700000.0,417000.0,175000.0,699776.6,384727.97,191580.89
700000.0,417000.0,200000.0,699755.06,391355.6,214113.61
700000.0,417000.0,225000.0,700388.8,397912.16,239733.98
700000.0,417000.0,250000.0,700744.6,403997.47,263258.97
700000.0,392000.0,50000.0,696651.9,326480.84,86705.59
700000.0,392000.0,75000.0,698298.2,330639.16,108660.086
700000.0,392000.0,100000.0,698539.7,335899.4,132286.7
700000.0,392000.0,125000.0,698496.8,343174.75,156357.94
700000.0,392000.0,150000.0,699373.8,351954.0,177497.56
700000.0,392000.0,175000.0,699812.1,361313.94,200938.62
700000.0,392000.0,200000.0,699952.06,368343.47,225741.5
700000.0,392000.0,225000.0,699879.9,374021.53,248014.05
700000.0,367000.0,75000.0,697749.56,306677.94,114395.52
700000.0,367000.0,100000.0,698281.94,312978.78,139407.45
700000.0,367000.0,125000.0,698547.2,320290.72,164889.58
700000.0,367000.0,150000.0,699882.8,329082.16,186466.66
700000.0,367000.0,175000.0,700406.56,338051.4,210770.28
700000.0,367000.0,200000.0,700621.2,345013.34,235010.8
700000.0,367000.0,225000.0,699221.3,350661.8,256502.62
700000.0,342000.0,75000.0,696061.9,282944.44,120370.92
700000.0,342000.0,100000.0,697586.7,288475.2,145810.22
700000.0,342000.0,125000.0,699584.56,295582.8,173189.86
700000.0,342000.0,150000.0,700675.25,304167.5,196680.36
700000.0,342000.0,175000.0,700182.1,312191.3,220436.56
700000.0,342000.0,200000.0,699002.0,318833.56,242320.28
700000.0,317000.0,100000.0,697098.9,264266.53,152289.28
700000.0,317000.0,125000.0,698784.6,271600.8,179563.69
700000.0,317000.0,150000.0,700361.1,278852.78,203639.84
725000.0,642000.0,150000.0,723870.8,585158.06,97166.57
725000.0,617000.0,125000.0,725331.7,558401.56,80504.13
725000.0,617000.0,150000.0,724859.06,564916.75,103553.23
725000.0,617000.0,175000.0,725497.2,572266.6,129121.32
725000.0,617000.0,200000.0,725380.94,578510.8,152636.56
725000.0,592000.0,100000.0,726547.44,532350.94,64288.19
725000.0,592000.0,125000.0,725212.5,536249.4,87550.09
725000.0,592000.0,150000.0,725671.56,540581.44,110932.1
725000.0,592000.0,175000.0,726849.8,549673.94,138626.67
725000.0,592000.0,200000.0,727209.06,559071.6,161789.08
725000.0,592000.0,225000.0,726172.8,566819.94,183268.12
725000.0,567000.0,75000.0,726846.2,503516.5,47367.438
725000.0,567000.0,100000.0,726285.1,508695.7,71370.02
725000.0,567000.0,125000.0,727403.5,512423.94,97407.74
725000.0,567000.0,150000.0,727583.6,517488.34,121526.695
725000.0,567000.0,175000.0,727184.25,526908.2,146193.33
725000.0,567000.0,200000.0,727192.3,536025.4,169504.81
725000.0,567000.0,225000.0,726694.6,544011.9,193088.77
725000.0,542000.0,50000.0,725743.2,472157.5,33419.73
725000.0,542000.0,75000.0,726000.0,479703.06,53997.133
725000.0,542000.0,100000.0,726315.3,483349.47,79098.5
725000.0,542000.0,125000.0,727209.44,487702.12,106677.375
725000.0,542000.0,150000.0,727194.06,494461.53,131334.12
725000.0,542000.0,175000.0,726236.56,504243.16,155047.38
725000.0,542000.0,200000.0,725621.0,511664.06,177898.16
725000.0,542000.0,225000.0,725731.3,519078.75,201832.06
725000.0,542000.0,250000.0,726550.75,523941.78,225118.42
725000.0,517000.0,50000.0,725140.8,447837.22,39842.703
725000.0,517000.0,75000.0,725208.9,454449.7,62344.33
725000.0,517000.0,100000.0,726119.94,459361.03,87988.71
725000.0,517000.0,125000.0,726332.9,464096.34,114674.11
725000.0,517000.0,150000.0,725537.56,469974.56,138740.44
725000.0,517000.0,175000.0,725249.44,478519.94,162104.55
725000.0,517000.0,200000.0,725130.75,486803.9,186306.02
725000.0,517000.0,225000.0,725078.56,494217.22,211007.81
725000.0,517000.0,250000.0,725910.56,500326.62,232097.97
725000.0,492000.0,50000.0,724511.25,421540.25,51136.777
725000.0,492000.0,75000.0,723898.44,427785.22,73364.87
725000.0,492000.0,100000.0,725552.5,434939.5,98034.43
725000.0,492000.0,125000.0,725633.25,440849.0,122574.59
725000.0,492000.0,150000.0,725071.8,446529.44,146634.3
725000.0,492000.0,175000.0,725072.8,454978.1,169918.73
725000.0,492000.0,200000.0,725637.6,463797.72,194230.45
725000.0,492000.0,225000.0,725578.3,471229.56,219520.53
725000.0,492000.0,250000.0,725442.8,477076.8,240046.27
725000.0,467000.0,50000.0,723198.1,397760.06,61953.527
725000.0,467000.0,75000.0,723110.25,403247.8,85346.22
725000.0,467000.0,100000.0,723828.44,409487.16,107027.24
725000.0,467000.0,125000.0,724317.75,416559.12,130685.7
725000.0,467000.0,150000.0,724924.7,422685.75,154861.78
725000.0,467000.0,175000.0,724627.9,431673.34,177986.53
725000.0,467000.0,200000.0,724723.7,440205.2,200736.52
725000.0,467000.0,225000.0,725766.4,447831.16,225810.72
725000.0,442000.0,50000.0,721987.3,374211.6,72245.164
725000.0,442000.0,75000.0,722740.4,379190.3,94309.836
725000.0,442000.0,100000.0,722902.0,384518.9,115238.02
725000.0,442000.0,125000.0,723757.5,391809.38,140039.45
725000.0,442000.0,150000.0,724203.0,398700.2,162996.53
725000.0,442000.0,175000.0,723739.5,406920.78,183322.44
725000.0,442000.0,200000.0,724307.4,415024.0,206724.72
725000.0,442000.0,225000.0,726266.6,422256.47,233248.98
725000.0,417000.0,50000.0,719903.4,351821.47,81141.11
725000.0,417000.0,75000.0,722936.06,354842.03,102917.25
725000.0,417000.0,100000.0,723339.44,358808.25,124486.02
725000.0,417000.0,125000.0,723550.75,365883.5,148451.3
725000.0,417000.0,150000.0,723360.7,375027.4,170377.2
725000.0,417000.0,175000.0,723298.06,383766.06,189951.67
725000.0,417000.0,200000.0,724498.5,390405.3,214815.7
725000.0,417000.0,225000.0,725679.1,396823.06,242086.61
725000.0,392000.0,50000.0,719434.06,328356.56,87447.25
725000.0,392000.0,75000.0,723403.7,330860.84,110497.92
725000.0,392000.0,100000.0,724452.56,334653.25,134544.12
725000.0,392000.0,125000.0,723106.8,342682.9,157334.9
725000.0,392000.0,150000.0,722447.1,353023.06,178064.64
725000.0,392000.0,175000.0,723492.4,361738.75,200971.6
725000.0,392000.0,200000.0,724754.5,367546.84,226014.72
725000.0,392000.0,225000.0,724900.4,372574.75,247900.39
725000.0,367000.0,75000.0,722308.8,307339.72,116252.766
725000.0,367000.0,100000.0,724563.94,312535.66,141894.94
725000.0,367000.0,125000.0,723610.7,319844.9,164647.89
725000.0,367000.0,150000.0,723750.0,329173.72,186559.4
725000.0,367000.0,175000.0,724425.1,338403.44,211687.42
725000.0,367000.0,200000.0,724517.2,343408.72,234153.81
725000.0,367000.0,225000.0,723942.25,349202.28,255181.78
725000.0,342000.0,100000.0,724466.25,287985.2,148149.2
725000.0,342000.0,125000.0,725142.75,294165.06,171963.17
725000.0,342000.0,150000.0,724411.56,303579.72,195034.6
725000.0,342000.0,175000.0,723249.06,313143.75,218903.3
750000.0,617000.0,150000.0,748508.9,563005.94,104472.59
750000.0,592000.0,100000.0,750612.44,529167.7,66594.086
750000.0,592000.0,125000.0,749828.0,533710.1,88383.11
750000.0,592000.0,150000.0,750738.9,540364.0,113308.84
750000.0,592000.0,175000.0,751395.0,549990.8,140325.28
750000.0,567000.0,100000.0,750752.7,505048.1,74261.555
750000.0,567000.0,125000.0,751965.94,511271.5,99068.02
750000.0,567000.0,150000.0,751250.9,517192.2,121565.414
750000.0,567000.0,175000.0,750447.56,526916.2,146790.78
750000.0,567000.0,200000.0,750702.2,536246.8,170885.2
750000.0,567000.0,225000.0,749634.75,542144.8,193210.11
750000.0,542000.0,75000.0,750442.9,478986.44,56921.996
750000.0,542000.0,100000.0,751181.56,482478.66,82156.15
750000.0,542000.0,125000.0,752344.1,487969.38,108148.24
750000.0,542000.0,150000.0,751499.9,495254.25,131448.69
750000.0,542000.0,175000.0,750288.4,503452.44,154883.27
750000.0,542000.0,200000.0,749410.56,511111.62,178349.44
750000.0,542000.0,225000.0,749286.06,518318.06,201784.44
750000.0,517000.0,50000.0,750237.8,448288.84,42785.586
750000.0,517000.0,75000.0,750888.3,453672.44,65589.14
750000.0,517000.0,100000.0,751770.75,458614.84,90729.35
750000.0,517000.0,125000.0,751531.7,464494.47,115928.74
750000.0,517000.0,150000.0,750369.94,472240.56,138729.2
750000.0,517000.0,175000.0,749705.6,479653.1,161871.86
750000.0,517000.0,200000.0,749499.2,485552.4,186164.02
750000.0,517000.0,225000.0,749449.2,493242.62,210144.0
750000.0,517000.0,250000.0,749080.1,499167.7,230949.27
750000.0,492000.0,50000.0,749270.1,423428.7,51203.926
750000.0,492000.0,75000.0,750084.75,428016.3,74713.93
750000.0,492000.0,100000.0,751189.56,434267.6,99271.805
750000.0,492000.0,125000.0,750937.44,441716.5,123298.23
750000.0,492000.0,150000.0,749966.6,448415.4,146431.1
750000.0,492000.0,175000.0,749579.06,454298.84,169240.92
750000.0,492000.0,200000.0,749682.56,462429.7,193600.67
750000.0,492000.0,225000.0,749837.3,470024.94,217771.12
750000.0,467000.0,50000.0,746695.75,398183.2,62008.582
750000.0,467000.0,75000.0,748228.56,403406.9,83775.28
750000.0,467000.0,100000.0,749213.44,409020.34,106641.86
750000.0,467000.0,125000.0,749556.6,416389.47,130478.44
750000.0,467000.0,150000.0,750154.56,422591.84,155510.33
750000.0,467000.0,175000.0,750013.56,429828.22,179027.08
750000.0,467000.0,200000.0,749317.94,439335.06,202101.62
750000.0,467000.0,225000.0,750531.6,446638.88,225411.5
750000.0,442000.0,50000.0,745086.2,374367.28,71590.36
750000.0,442000.0,75000.0,747025.06,379011.53,92644.48
750000.0,442000.0,100000.0,747690.2,382924.7,114543.516
750000.0,442000.0,125000.0,748274.44,390537.84,140177.67
750000.0,442000.0,150000.0,749765.7,398967.16,164175.84
750000.0,442000.0,175000.0,750141.4,405879.6,186173.75
750000.0,442000.0,200000.0,750409.44,413819.62,209527.53
750000.0,442000.0,225000.0,752366.75,421088.5,233978.25
750000.0,417000.0,50000.0,744868.56,351471.2,80048.984
750000.0,417000.0,75000.0,746445.3,353001.84,101992.06
750000.0,417000.0,100000.0,747920.1,356709.88,124721.3
750000.0,417000.0,125000.0,748374.75,365894.34,148118.23
750000.0,417000.0,150000.0,749113.8,376192.8,170299.11
750000.0,417000.0,175000.0,750225.9,383168.28,191000.95
750000.0,417000.0,200000.0,751681.56,388744.12,218091.61
750000.0,417000.0,225000.0,752619.1,394688.16,242090.19
750000.0,392000.0,75000.0,748385.06,328734.0,109989.75
750000.0,392000.0,100000.0,748329.56,333091.16,133870.06
750000.0,392000.0,125000.0,747910.44,342581.56,155303.34
750000.0,392000.0,150000.0,748825.25,352886.47,177927.06
750000.0,392000.0,175000.0,750187.7,360965.44,201567.23
750000.0,392000.0,200000.0,751073.8,366229.1,226843.69
750000.0,392000.0,225000.0,750542.94,370897.94,247705.17
750000.0,367000.0,100000.0,749530.25,311823.7,140616.42
750000.0,367000.0,125000.0,748102.25,319132.72,161930.98
750000.0,367000.0,150000.0,748571.2,329148.9,185004.83
750000.0,367000.0,175000.0,749960.6,337230.78,210664.89
750000.0,367000.0,200000.0,749910.9,342929.94,234080.81
775000.0,592000.0,100000.0,774399.44,528080.9,69464.336
775000.0,592000.0,125000.0,773820.94,532900.3,90952.76
775000.0,592000.0,150000.0,775236.56,539799.9,116444.13
775000.0,592000.0,175000.0,775712.3,549537.9,141078.25
775000.0,567000.0,100000.0,774914.25,505455.6,75251.83
775000.0,567000.0,125000.0,775442.9,511432.6,99419.0
775000.0,567000.0,150000.0,775158.06,517799.62,123786.42
775000.0,567000.0,175000.0,775077.0,525898.1,148451.77
775000.0,567000.0,200000.0,774169.56,534410.06,171594.98
775000.0,567000.0,225000.0,773553.56,538730.3,193546.11
775000.0,542000.0,75000.0,775008.06,478177.53,57180.816
775000.0,542000.0,100000.0,775469.06,483382.34,84216.37
775000.0,542000.0,125000.0,775930.9,488760.38,108914.43
775000.0,542000.0,150000.0,775394.44,494416.6,131823.42
775000.0,542000.0,175000.0,774483.75,502109.8,155105.78
775000.0,542000.0,200000.0,773283.94,510302.78,178612.52
775000.0,542000.0,225000.0,773743.56,517223.44,201045.4
775000.0,517000.0,50000.0,775356.44,447398.56,45059.61
775000.0,517000.0,75000.0,775946.94,452619.8,67413.26
775000.0,517000.0,100000.0,776065.75,458733.75,92321.12
775000.0,517000.0,125000.0,775780.3,464746.94,116531.48
775000.0,517000.0,150000.0,775451.0,471149.75,139517.19
775000.0,517000.0,175000.0,774099.06,478507.16,161834.61
775000.0,517000.0,200000.0,773304.4,485247.78,185788.52
775000.0,517000.0,225000.0,773995.1,493060.8,209807.62
775000.0,492000.0,75000.0,775326.44,426765.06,75597.01
775000.0,492000.0,100000.0,775594.0,433712.88,99520.586
775000.0,492000.0,125000.0,775563.3,441038.12,123564.0
775000.0,492000.0,150000.0,775087.7,447424.16,147227.28
775000.0,492000.0,175000.0,774633.94,453345.97,170251.88
775000.0,492000.0,200000.0,774412.25,461671.25,194130.03
775000.0,492000.0,225000.0,774891.4,469373.4,217951.4
775000.0,467000.0,50000.0,774029.1,397869.5,61087.395
775000.0,467000.0,75000.0,773149.6,402630.97,83628.39
775000.0,467000.0,100000.0,774276.3,407907.6,107014.84
775000.0,467000.0,125000.0,774580.25,415018.2,130930.22
775000.0,467000.0,150000.0,774950.44,421730.16,155692.39
775000.0,467000.0,175000.0,775673.25,428738.75,178626.81
775000.0,467000.0,200000.0,775736.8,438192.78,202483.56
775000.0,467000.0,225000.0,776253.44,444932.25,225964.86
775000.0,442000.0,50000.0,774519.4,374380.25,69863.54
775000.0,442000.0,75000.0,773505.56,378407.2,92713.21
775000.0,442000.0,100000.0,774385.7,382281.88,115011.96
775000.0,442000.0,125000.0,774324.25,388876.12,139734.42
775000.0,442000.0,150000.0,774990.9,397639.75,164099.94
775000.0,442000.0,175000.0,776558.6,405660.8,186651.6
775000.0,442000.0,200000.0,776964.8,413244.62,210400.66
775000.0,442000.0,225000.0,777322.9,419254.3,233887.3
775000.0,417000.0,50000.0,772869.56,350398.4,78195.65
775000.0,417000.0,75000.0,774249.5,352930.62,100545.76
775000.0,417000.0,100000.0,775014.3,357836.3,123061.695
775000.0,417000.0,125000.0,775132.06,367243.84,146596.6
775000.0,417000.0,150000.0,775402.25,375388.7,169603.03
775000.0,417000.0,175000.0,776913.25,382165.62,193578.4
775000.0,417000.0,200000.0,778641.25,387498.62,219293.31
775000.0,417000.0,225000.0,778652.5,392891.66,240928.22
775000.0,392000.0,75000.0,774245.6,327774.06,107519.63
775000.0,392000.0,100000.0,773777.56,333742.28,130028.81
775000.0,392000.0,125000.0,774168.0,343299.75,153436.42
775000.0,392000.0,150000.0,775310.3,351489.0,177283.48
775000.0,392000.0,175000.0,776805.1,358732.0,201815.77
775000.0,392000.0,200000.0,777384.5,363931.3,226332.23
775000.0,367000.0,100000.0,773126.8,310057.94,135267.8
775000.0,367000.0,125000.0,772690.94,318332.4,159728.16
775000.0,367000.0,150000.0,774427.0,328528.5,183630.28
775000.0,367000.0,175000.0,776180.3,335415.44,208181.53
800000.0,592000.0,100000.0,801768.5,528728.44,72932.234
800000.0,592000.0,125000.0,800162.5,532909.9,94313.44
800000.0,592000.0,150000.0,800009.6,539544.3,117960.266
800000.0,592000.0,175000.0,801125.4,547631.0,142179.84
800000.0,567000.0,100000.0,800745.06,505732.0,79101.0
800000.0,567000.0,125000.0,800443.25,510485.16,100730.12
800000.0,567000.0,150000.0,799593.56,515976.62,124845.57
800000.0,567000.0,175000.0,800180.9,524833.4,149791.02
800000.0,567000.0,200000.0,799247.3,532046.94,172296.94
800000.0,542000.0,75000.0,798820.75,477741.53,58059.996
800000.0,542000.0,100000.0,799827.3,483459.4,86062.71
800000.0,542000.0,125000.0,800359.56,488232.44,109324.53
800000.0,542000.0,150000.0,799460.06,492989.84,131711.34
800000.0,542000.0,175000.0,798318.75,501411.56,155951.08
800000.0,542000.0,200000.0,797626.1,509549.6,179040.66
800000.0,542000.0,225000.0,797495.2,516091.8,201316.39
800000.0,517000.0,50000.0,798751.56,446408.78,44753.8
800000.0,517000.0,75000.0,799908.4,452440.56,66857.2
800000.0,517000.0,100000.0,799779.6,459525.06,93383.82
800000.0,517000.0,125000.0,800181.94,465003.34,116367.19
800000.0,517000.0,150000.0,799392.8,469098.84,139784.17
800000.0,517000.0,175000.0,797397.56,476932.5,162731.45
800000.0,517000.0,200000.0,797225.8,484997.8,187016.05
800000.0,517000.0,225000.0,798249.2,491850.06,209687.28
800000.0,492000.0,75000.0,799789.0,426122.0,75406.36
800000.0,492000.0,100000.0,800196.7,433969.62,99099.445
800000.0,492000.0,125000.0,799831.5,440581.9,122837.586
800000.0,492000.0,150000.0,799634.1,445561.34,148298.38
800000.0,492000.0,175000.0,798796.75,451947.53,171286.27
800000.0,492000.0,200000.0,798684.94,460813.22,194991.44
800000.0,492000.0,225000.0,799386.1,466830.06,218776.95
800000.0,467000.0,50000.0,799933.56,397857.72,62883.484
800000.0,467000.0,75000.0,798797.44,402473.84,84444.5
800000.0,467000.0,100000.0,799359.7,408712.03,107734.02
800000.0,467000.0,125000.0,799684.3,414717.8,131484.48
800000.0,467000.0,150000.0,800146.7,419982.38,155501.56
800000.0,467000.0,175000.0,801061.2,429003.75,178259.8
800000.0,467000.0,200000.0,801133.8,436990.97,202602.34
800000.0,467000.0,225000.0,800637.7,442549.25,226015.52
800000.0,442000.0,50000.0,802157.4,375864.94,70286.37
800000.0,442000.0,75000.0,799222.5,378935.1,93822.6
800000.0,442000.0,100000.0,800230.6,382872.44,116067.82
800000.0,442000.0,125000.0,799827.44,388994.3,138805.22
800000.0,442000.0,150000.0,800139.1,395901.44,162050.44
800000.0,442000.0,175000.0,802357.7,405138.56,185664.86
800000.0,442000.0,200000.0,802686.2,411977.25,210780.61
800000.0,442000.0,225000.0,801422.5,417866.16,233493.36
800000.0,417000.0,50000.0,799395.8,351833.03,76631.64
800000.0,417000.0,75000.0,799719.75,353822.56,99060.08
800000.0,417000.0,100000.0,801267.6,358798.47,121169.19
800000.0,417000.0,125000.0,801789.44,366571.66,143741.19
800000.0,417000.0,150000.0,801390.3,374207.2,168490.92
800000.0,417000.0,175000.0,803055.0,380635.2,194436.11
800000.0,417000.0,200000.0,802965.06,387037.8,220392.48
800000.0,392000.0,75000.0,798532.5,328541.62,102904.984
800000.0,392000.0,100000.0,801165.0,334233.25,126878.96
800000.0,392000.0,125000.0,801529.0,341748.84,151886.88
800000.0,392000.0,150000.0,801064.9,349772.25,176691.66
800000.0,392000.0,175000.0,802765.25,356274.4,202006.2
800000.0,392000.0,200000.0,802163.94,362957.7,225098.1
800000.0,367000.0,100000.0,800132.0,309302.22,131669.9
800000.0,367000.0,125000.0,800046.9,317754.1,158140.14
800000.0,367000.0,150000.0,800118.9,327094.66,182398.44
825000.0,592000.0,100000.0,826126.56,529483.4,74612.305
825000.0,592000.0,125000.0,826727.0,534489.2,95437.85
825000.0,592000.0,150000.0,825373.3,541290.0,117588.59
825000.0,592000.0,175000.0,825629.6,548979.4,142201.23
825000.0,567000.0,100000.0,826554.1,506393.72,80949.766
825000.0,567000.0,125000.0,826706.8,509321.62,102382.08
825000.0,567000.0,150000.0,825551.9,516048.03,125526.0
825000.0,567000.0,175000.0,825050.2,524528.94,150904.52
825000.0,567000.0,200000.0,824272.8,530461.8,172240.81
825000.0,542000.0,75000.0,825281.25,478635.3,60071.273
825000.0,542000.0,100000.0,826025.44,483885.88,86907.195
825000.0,542000.0,125000.0,826141.0,487591.03,110388.79
825000.0,542000.0,150000.0,825578.5,492482.44,133091.69
825000.0,542000.0,175000.0,824129.5,500424.75,157003.84
825000.0,542000.0,200000.0,823920.44,506800.4,179577.14
825000.0,517000.0,50000.0,823667.9,446609.28,44948.863
825000.0,517000.0,75000.0,824314.8,452870.72,67848.39
825000.0,517000.0,100000.0,825096.6,459495.44,93979.57
825000.0,517000.0,125000.0,825506.9,464423.62,118107.11
825000.0,517000.0,150000.0,824922.9,467148.62,140580.11
825000.0,517000.0,175000.0,823725.5,474478.22,163967.75
825000.0,517000.0,200000.0,824004.0,482322.7,187556.8
825000.0,517000.0,225000.0,822861.3,487547.44,207817.16
825000.0,492000.0,75000.0,824515.56,427316.56,76269.37
825000.0,492000.0,100000.0,825007.6,434206.1,100411.32
825000.0,492000.0,125000.0,824935.25,439987.12,123973.33
825000.0,492000.0,150000.0,824896.1,443645.84,148298.28
825000.0,492000.0,175000.0,824339.2,450160.12,171198.28
825000.0,492000.0,200000.0,824999.75,458368.38,195145.84
825000.0,492000.0,225000.0,823716.9,464705.75,216335.27
825000.0,467000.0,50000.0,824992.2,398799.53,63244.508
825000.0,467000.0,75000.0,824758.9,403740.4,83696.86
825000.0,467000.0,100000.0,824846.7,408879.22,107279.984
825000.0,467000.0,125000.0,824975.94,414057.4,131127.97
825000.0,467000.0,150000.0,825882.25,418980.34,154884.64
825000.0,467000.0,175000.0,826033.44,427509.8,176954.75
825000.0,467000.0,200000.0,826789.7,434956.4,202945.1
825000.0,442000.0,50000.0,825604.56,376968.88,70232.96
825000.0,442000.0,75000.0,824860.06,379308.97,91989.62
825000.0,442000.0,100000.0,823922.94,382621.0,114989.75
825000.0,442000.0,125000.0,823855.5,387565.53,137548.31
825000.0,442000.0,150000.0,825731.25,394747.1,161167.66
825000.0,442000.0,175000.0,826611.56,404195.4,185107.97
825000.0,442000.0,200000.0,826813.5,410282.03,211685.73
825000.0,417000.0,75000.0,823851.44,353757.44,96832.03
825000.0,417000.0,100000.0,823576.56,358286.38,119913.76
825000.0,417000.0,125000.0,824074.94,364613.9,142499.08
825000.0,417000.0,150000.0,825737.94,372625.8,167617.98
825000.0,417000.0,175000.0,827310.6,379218.4,194747.3
825000.0,417000.0,200000.0,826605.75,385932.62,219852.62
825000.0,392000.0,75000.0,822487.0,329082.6,100370.7
825000.0,392000.0,100000.0,825839.75,334025.8,124801.984
825000.0,392000.0,125000.0,826963.2,340626.38,150744.52
825000.0,392000.0,150000.0,826105.25,347555.03,175337.92
825000.0,392000.0,175000.0,827079.7,353462.88,201048.06
825000.0,367000.0,100000.0,826849.3,311611.47,131162.0
825000.0,367000.0,125000.0,826680.8,318285.8,157382.02
825000.0,367000.0,150000.0,825191.4,325965.6,180356.42
850000.0,592000.0,125000.0,850141.06,535494.4,96382.57
850000.0,592000.0,150000.0,849438.06,543008.3,119213.01
850000.0,592000.0,175000.0,847814.6,547756.5,143276.34
850000.0,567000.0,100000.0,849885.94,507101.8,80771.93
850000.0,567000.0,125000.0,849815.3,510736.06,103049.17
850000.0,567000.0,150000.0,850511.2,518103.8,128513.8
850000.0,567000.0,175000.0,850289.5,524085.38,152396.95
850000.0,567000.0,200000.0,848662.7,527187.7,172143.66
850000.0,542000.0,75000.0,851315.3,478016.75,63055.695
850000.0,542000.0,100000.0,851661.5,483687.38,87292.2
850000.0,542000.0,125000.0,851250.25,488173.53,110826.445
850000.0,542000.0,150000.0,851087.25,493321.0,133439.78
850000.0,542000.0,175000.0,850875.56,499473.44,157679.31
850000.0,542000.0,200000.0,850775.25,503807.1,179975.9
850000.0,517000.0,75000.0,850909.1,451333.38,69309.984
850000.0,517000.0,100000.0,851607.44,457794.22,94131.73
850000.0,517000.0,125000.0,850728.1,463565.47,119830.67
850000.0,517000.0,150000.0,850085.4,467445.22,140893.4
850000.0,517000.0,175000.0,850316.75,473466.34,163764.31
850000.0,517000.0,200000.0,851557.1,479922.9,187749.4
850000.0,492000.0,75000.0,849272.3,427095.6,76622.61
850000.0,492000.0,100000.0,849993.4,431669.12,99953.664
850000.0,492000.0,125000.0,850103.5,437494.88,124979.68
850000.0,492000.0,150000.0,849537.44,442767.9,149036.45
850000.0,492000.0,175000.0,850645.25,449119.75,170944.06
850000.0,492000.0,200000.0,852435.7,456245.78,195454.53
850000.0,467000.0,75000.0,849602.56,403364.88,82415.29
850000.0,467000.0,100000.0,850055.9,406644.28,105780.766
850000.0,467000.0,125000.0,850449.44,411797.84,129771.21
850000.0,467000.0,150000.0,851160.0,419137.3,154452.69
850000.0,467000.0,175000.0,851462.94,427022.84,177105.08
850000.0,467000.0,200000.0,852140.94,432724.62,202719.02
850000.0,442000.0,75000.0,849702.8,379471.56,89283.71
850000.0,442000.0,100000.0,849727.5,382511.66,113375.07
850000.0,442000.0,125000.0,850366.1,387883.16,136509.67
850000.0,442000.0,150000.0,851351.56,395566.9,161386.7
850000.0,442000.0,175000.0,850819.7,402878.97,186805.22
850000.0,442000.0,200000.0,851056.94,408363.22,211276.38
850000.0,417000.0,75000.0,849882.8,354804.25,95393.34
850000.0,417000.0,100000.0,849530.94,358679.3,119842.91
850000.0,417000.0,125000.0,849706.94,365173.78,142538.78
850000.0,417000.0,150000.0,850554.94,372413.72,168109.3
850000.0,417000.0,175000.0,850695.2,377410.94,196166.69
850000.0,392000.0,75000.0,848712.1,330918.47,101323.734
850000.0,392000.0,100000.0,850330.9,335505.94,124517.984
850000.0,392000.0,125000.0,851196.25,341962.88,148681.77
850000.0,392000.0,150000.0,851312.56,347246.0,173847.48
850000.0,392000.0,175000.0,850701.75,351199.66,200002.03
850000.0,367000.0,100000.0,849631.7,314437.12,130565.49
850000.0,367000.0,125000.0,850629.8,320058.1,155188.3
850000.0,367000.0,150000.0,850338.7,324704.84,178467.34
875000.0,592000.0,125000.0,876590.06,536981.44,98046.95
875000.0,592000.0,150000.0,876759.4,542872.4,123466.94
875000.0,592000.0,175000.0,873410.3,544872.06,145959.19
875000.0,567000.0,100000.0,876618.9,508154.88,82161.766
875000.0,567000.0,125000.0,876648.2,513090.1,103771.83
875000.0,567000.0,150000.0,877414.8,518898.75,129314.56
875000.0,567000.0,175000.0,875926.94,523568.9,153511.17
875000.0,542000.0,75000.0,876771.0,477349.47,65238.832
875000.0,542000.0,100000.0,877695.8,483836.84,87861.1
875000.0,542000.0,125000.0,877078.8,489040.47,110341.76
875000.0,542000.0,150000.0,876529.6,494620.53,132640.3
875000.0,542000.0,175000.0,875785.1,500259.97,158202.97
875000.0,542000.0,200000.0,875271.06,503775.28,181342.06
875000.0,517000.0,75000.0,875212.8,451386.22,71107.65
875000.0,517000.0,100000.0,876717.6,457484.34,94637.28
875000.0,517000.0,125000.0,876578.3,464403.6,119620.53
875000.0,517000.0,150000.0,875112.94,469603.12,141324.97
875000.0,517000.0,175000.0,875486.06,474324.4,165632.92
875000.0,517000.0,200000.0,876190.9,479372.75,189243.45
875000.0,492000.0,75000.0,874454.5,427826.3,76457.61
875000.0,492000.0,100000.0,874897.1,432518.3,99523.58
875000.0,492000.0,125000.0,874822.56,438354.75,124388.67
875000.0,492000.0,150000.0,874177.94,444015.16,149883.4
875000.0,492000.0,175000.0,875523.44,449363.72,173431.64
875000.0,492000.0,200000.0,877231.3,455514.7,197151.2
875000.0,467000.0,75000.0,875032.4,404070.97,81513.61
875000.0,467000.0,100000.0,875766.75,407401.47,104289.09
875000.0,467000.0,125000.0,875420.4,413041.53,127888.66
875000.0,467000.0,150000.0,875034.94,420614.94,153141.11
875000.0,467000.0,175000.0,875617.06,426513.9,178366.36
875000.0,467000.0,200000.0,876162.6,431656.56,201971.69
875000.0,442000.0,75000.0,874724.9,380087.2,88478.734
875000.0,442000.0,100000.0,875358.0,383897.34,112093.96
875000.0,442000.0,125000.0,875975.6,389846.16,135506.38
875000.0,442000.0,150000.0,875985.4,397121.44,160169.64
875000.0,442000.0,175000.0,875563.9,402061.06,185479.5
875000.0,442000.0,200000.0,875691.94,406983.66,208068.47
875000.0,417000.0,75000.0,874412.5,356505.62,95018.5
875000.0,417000.0,100000.0,874531.25,361221.72,118676.3
875000.0,417000.0,125000.0,875229.6,367311.53,141995.45
875000.0,417000.0,150000.0,875938.06,372926.66,167564.64
875000.0,417000.0,175000.0,875990.44,377313.22,194006.02
875000.0,392000.0,100000.0,873750.25,338654.53,124635.69
875000.0,392000.0,125000.0,875482.8,343832.34,147408.72
875000.0,392000.0,150000.0,876536.1,348227.9,172204.22
875000.0,367000.0,125000.0,874922.94,321395.0,153542.9
900000.0,567000.0,100000.0,903448.5,510710.0,85543.516
900000.0,567000.0,125000.0,903586.5,515660.47,105853.44
900000.0,567000.0,150000.0,904143.9,519783.8,130151.64
900000.0,567000.0,175000.0,902715.3,524207.28,155000.77
900000.0,542000.0,100000.0,904590.7,485854.9,91388.945
900000.0,542000.0,125000.0,904331.06,491075.2,111965.83
900000.0,542000.0,150000.0,903134.8,495676.3,133409.4
900000.0,542000.0,175000.0,901781.06,501231.03,160370.31
900000.0,517000.0,75000.0,899584.1,455125.38,73742.28
900000.0,517000.0,100000.0,902460.2,460636.8,96980.56
900000.0,517000.0,125000.0,903186.2,466441.16,120903.26
900000.0,517000.0,150000.0,901485.6,471010.4,143657.98
900000.0,517000.0,175000.0,900921.7,474932.47,169361.38
900000.0,517000.0,200000.0,900505.3,479321.28,190748.78
900000.0,492000.0,75000.0,899505.4,430244.12,76086.19
900000.0,492000.0,100000.0,900675.44,435065.16,100039.945
900000.0,492000.0,125000.0,901013.44,440699.47,124373.16
900000.0,492000.0,150000.0,900104.4,445434.3,151096.98
900000.0,492000.0,175000.0,900721.06,450201.8,175406.12
900000.0,492000.0,200000.0,901632.5,455637.8,197123.08
900000.0,467000.0,75000.0,900539.7,406186.44,80405.75
900000.0,467000.0,100000.0,900651.2,408918.75,102953.29
900000.0,467000.0,125000.0,900482.9,414514.97,126755.47
900000.0,467000.0,150000.0,899649.75,421244.2,150514.69
900000.0,467000.0,175000.0,899973.7,426846.16,177645.67
900000.0,467000.0,200000.0,900630.5,431942.97,199437.23
900000.0,442000.0,100000.0,899143.9,386332.56,109816.55
900000.0,442000.0,125000.0,899396.56,392374.25,133338.31
900000.0,442000.0,150000.0,899556.5,397832.88,156350.33
900000.0,442000.0,175000.0,899930.9,402415.97,182283.12
900000.0,417000.0,100000.0,897788.9,363653.06,115028.92
900000.0,417000.0,125000.0,899188.6,368802.22,141302.14
900000.0,417000.0,150000.0,900230.6,373230.4,165509.2
900000.0,417000.0,175000.0,899914.44,378091.56,188340.75
900000.0,392000.0,100000.0,897037.44,342178.1,122572.17
900000.0,392000.0,125000.0,899315.6,346307.53,146293.45
900000.0,392000.0,150000.0,900539.06,350745.5,169358.47
925000.0,567000.0,125000.0,927904.6,516454.6,110046.125
925000.0,567000.0,150000.0,928552.4,520487.72,131539.67
925000.0,542000.0,100000.0,928994.1,486888.62,95793.49
925000.0,542000.0,125000.0,928740.6,491578.78,115711.17
925000.0,542000.0,150000.0,928042.0,496563.97,134601.5
925000.0,542000.0,175000.0,928837.56,501787.66,161017.58
925000.0,517000.0,75000.0,925018.56,455769.3,77401.82
925000.0,517000.0,100000.0,927955.06,461734.7,100693.34
925000.0,517000.0,125000.0,928257.06,467118.84,122855.48
925000.0,517000.0,150000.0,927584.0,471541.12,144852.69
925000.0,517000.0,175000.0,927547.6,474836.72,169296.78
925000.0,492000.0,100000.0,926018.6,435304.88,100018.234
925000.0,492000.0,125000.0,925897.9,441412.56,124289.39
925000.0,492000.0,150000.0,925489.3,446682.38,150812.98
925000.0,492000.0,175000.0,925950.9,450536.75,174871.7
925000.0,492000.0,200000.0,925791.56,454298.03,193518.77
925000.0,467000.0,75000.0,924647.75,406811.22,80178.914
925000.0,467000.0,100000.0,924655.44,408725.28,102724.29
925000.0,467000.0,125000.0,925151.94,414602.72,126254.71
925000.0,467000.0,150000.0,925254.5,421037.16,150599.52
925000.0,467000.0,175000.0,925391.75,427116.03,177777.84
925000.0,442000.0,100000.0,923362.06,387870.78,106945.86
925000.0,442000.0,125000.0,923879.2,393055.12,131153.97
925000.0,442000.0,150000.0,925101.1,397416.12,155668.94
925000.0,442000.0,175000.0,925691.7,402636.3,181206.62
925000.0,417000.0,100000.0,922327.2,364648.53,110805.38
925000.0,417000.0,125000.0,923809.94,369619.4,139082.22
925000.0,417000.0,150000.0,924326.3,373399.03,164241.86
925000.0,417000.0,175000.0,923788.1,379488.84,183676.89
925000.0,392000.0,100000.0,921808.94,343961.47,117474.484
925000.0,392000.0,125000.0,923135.25,347211.44,143377.89
950000.0,542000.0,100000.0,951714.9,486392.28,97414.7
950000.0,542000.0,125000.0,953200.3,492255.53,118654.29
950000.0,542000.0,150000.0,953186.7,497968.12,138888.5
950000.0,517000.0,75000.0,949518.44,455679.88,79061.234
950000.0,517000.0,100000.0,951398.75,461411.16,102463.13
950000.0,517000.0,125000.0,952973.9,467679.44,124817.484
950000.0,517000.0,150000.0,953645.1,472522.34,146171.48
950000.0,517000.0,175000.0,953099.9,475309.4,167892.88
950000.0,492000.0,100000.0,950036.75,436110.72,102197.1
950000.0,492000.0,125000.0,950878.94,442546.03,125692.47
950000.0,492000.0,150000.0,951795.44,447295.25,150035.0
950000.0,492000.0,175000.0,951214.8,450977.5,173121.42
950000.0,467000.0,100000.0,949083.9,410475.88,102195.016
950000.0,467000.0,125000.0,949826.1,415566.22,125647.055
950000.0,467000.0,150000.0,950380.9,421536.84,150526.23
950000.0,467000.0,175000.0,950313.5,427406.06,177256.75
950000.0,442000.0,100000.0,948537.5,387618.8,104403.28
950000.0,442000.0,125000.0,948859.3,394030.1,128799.96
950000.0,442000.0,150000.0,950179.44,397777.8,155101.42
950000.0,442000.0,175000.0,951288.9,403311.9,180891.83
950000.0,417000.0,100000.0,947436.44,366038.1,108260.72
950000.0,417000.0,125000.0,948410.7,371074.56,135192.17
950000.0,417000.0,150000.0,949110.06,376327.1,162094.2
975000.0,517000.0,100000.0,974950.0,462872.22,102568.96
975000.0,517000.0,125000.0,977609.9,470094.97,125892.69
975000.0,517000.0,150000.0,979226.6,473855.25,147678.33
975000.0,517000.0,175000.0,977107.56,475228.1,168638.55
975000.0,492000.0,100000.0,973823.7,438625.47,102250.98
975000.0,492000.0,125000.0,975775.44,444767.56,124846.914
975000.0,492000.0,150000.0,977010.44,448400.9,149778.06
975000.0,492000.0,175000.0,976286.8,451980.38,172589.95
975000.0,467000.0,100000.0,974230.5,412612.38,101438.51
975000.0,467000.0,125000.0,974459.9,418735.9,125643.086
975000.0,467000.0,150000.0,974186.2,422967.47,150362.31
975000.0,467000.0,175000.0,974052.9,427826.0,176211.0
975000.0,442000.0,125000.0,972779.7,396346.8,127481.94
975000.0,442000.0,150000.0,973384.5,399835.56,153849.55
975000.0,442000.0,175000.0,973864.5,404330.2,180108.94
1000000.0,517000.0,125000.0,1002543.2,472484.9,124465.055
1000000.0,517000.0,150000.0,1002355.56,475839.9,147205.25
1000000.0,517000.0,175000.0,1000533.4,475446.88,168350.94
1000000.0,492000.0,100000.0,998956.7,441419.5,102090.86
1000000.0,492000.0,125000.0,1001004.9,446536.5,124280.75
1000000.0,492000.0,150000.0,1001080.44,451364.44,149798.75
1000000.0,492000.0,175000.0,1000381.56,455048.84,172891.02
1000000.0,467000.0,125000.0,998604.6,421064.8,126327.664
1000000.0,467000.0,150000.0,998462.8,424402.66,152301.88
1000000.0,467000.0,175000.0,998910.75,428038.22,176590.66
1000000.0,442000.0,125000.0,995750.6,399236.94,128552.2
1000000.0,442000.0,150000.0,996951.1,401207.5,154590.4
1000000.0,442000.0,175000.0,998013.1,404424.25,180141.31
1025000.0,517000.0,150000.0,1025399.3,475741.34,145139.19
1025000.0,492000.0,125000.0,1025833.6,448391.2,125254.414
1025000.0,492000.0,150000.0,1024934.8,453757.1,149721.55
1025000.0,492000.0,175000.0,1024112.3,455599.53,172736.12
1025000.0,467000.0,125000.0,1022635.1,421426.8,127403.95
1025000.0,467000.0,150000.0,1022930.1,425993.16,153212.53
1025000.0,467000.0,175000.0,1023510.06,429914.22,177107.25
1025000.0,442000.0,150000.0,1020789.56,402315.66,155856.62
1050000.0,492000.0,125000.0,1049474.8,450526.38,124947.33
1050000.0,492000.0,150000.0,1046527.44,455411.4,150397.25
1050000.0,492000.0,175000.0,1045976.8,456879.22,173301.2
1050000.0,467000.0,125000.0,1046392.2,423471.38,127992.87
1050000.0,467000.0,150000.0,1046555.8,428063.06,152794.69
1050000.0,467000.0,175000.0,1046682.4,432035.8,176878.86
1050000.0,442000.0,150000.0,1045266.5,404513.66,156098.92
1075000.0,492000.0,125000.0,1071855.0,452226.38,124737.195
1075000.0,492000.0,150000.0,1071381.5,456634.56,150850.2
1075000.0,492000.0,175000.0,1071647.8,459749.1,173868.86
1075000.0,467000.0,125000.0,1070705.8,426577.34,127808.0
1075000.0,467000.0,150000.0,1071707.1,430711.72,151837.38
1075000.0,467000.0,175000.0,1072294.2,433795.12,174314.14
1075000.0,442000.0,175000.0,1070643.2,409541.0,177741.03
1100000.0,492000.0,150000.0,1098395.4,457232.47,150103.77
1100000.0,492000.0,175000.0,1099019.9,461383.47,172758.52
1100000.0,467000.0,150000.0,1097647.6,431668.9,151930.56
1100000.0,467000.0,175000.0,1098870.6,435728.47,173491.0
1100000.0,442000.0,175000.0,1094685.5,411011.66,177114.81
1125000.0,492000.0,150000.0,1116068.4,454215.84,148902.88
1125000.0,492000.0,175000.0,1115996.1,458796.22,169731.66
1125000.0,467000.0,150000.0,1117455.0,429889.97,152853.58
1125000.0,467000.0,175000.0,1117086.2,433916.5,173731.77
1125000.0,442000.0,175000.0,1116818.1,409270.38,176937.89
1150000.0,492000.0,150000.0,1139622.4,451352.88,147412.56
1150000.0,492000.0,175000.0,1139652.9,455158.44,168653.03
1150000.0,467000.0,150000.0,1140203.1,427975.25,151302.66
1150000.0,467000.0,175000.0,1140251.8,431204.2,172708.03
1175000.0,492000.0,175000.0,1163273.5,453365.4,168575.25
1175000.0,492000.0,200000.0,1163469.0,456805.34,193064.56
1175000.0,467000.0,150000.0,1163899.8,425381.06,147723.42
1175000.0,467000.0,175000.0,1164201.1,428855.47,172180.7
1175000.0,467000.0,200000.0,1164312.4,431949.9,196395.14
1200000.0,492000.0,175000.0,1188287.9,453926.72,168535.94
1200000.0,492000.0,200000.0,1188157.0,457349.78,192805.58
1200000.0,467000.0,175000.0,1188974.5,429380.34,171724.47
1200000.0,467000.0,200000.0,1189218.6,432850.25,196242.39
1225000.0,492000.0,175000.0,1212954.9,455511.16,168164.53
1225000.0,492000.0,200000.0,1213296.6,458469.4,192462.77
1225000.0,467000.0,175000.0,1213952.6,430315.38,171979.08
1225000.0,467000.0,200000.0,1214462.0,433726.7,196497.02
1225000.0,442000.0,200000.0,1215185.0,408754.53,200644.88
